,1,2,3,4,5
0,#NewYearsDay,Welcome to 2020,Pope,#RoseBowl,#CitrusBowl
1,New Guy,#ThursdayThoughts,#worldintrovertday,Opie,Anna Mae
2,#wwlll,#TrumpsWar,#WWIII,Rose McGowan,Soleimani
3,Meat Loaf,#ww3memes,#njwk14,Tucker Carlson,#SaturdayThoughts
4,#IfTheWorldHadNoMen,#BTSxGDA,Happy Founders,#PowerTV,#GoldenGlobes
5,George Lopez,#ARMYSelcaDay,#RuinAMovieWithOneWord,Bolton,#TheBachelor
6,#TuesdayThoughts,Nikki Haley,#7isComing,#WithMyNextPaycheckIWill,Meghan McCain
7,#WednesdayWisdom,#IvotedforHillaryClinton,#iHeartAwards,#IranVSAmerica,Jillian Michaels
8,Boosie,#SniffyMcAdderall,#LawEnforcementAppreciationDay,#ThursdayThoughts,Happy Founders
9,#IAmNonbinary,Life is Good,#FridayFeeling,Sum 2 Prove,#RareOutNow
10,#Deku,#WorstThingToYellOutBeforeSex,#justinbieberisoverparty,#WitnessesAndDocuments,#SaturdayMorning
11,#Deku,#WorstThingToYellOutBeforeSex,#justinbieberisoverparty,#WitnessesAndDocuments,#SaturdayMorning
12,#Deku,#WorstThingToYellOutBeforeSex,#justinbieberisoverparty,#WitnessesAndDocuments,#SaturdayMorning
13,#Deku,#WorstThingToYellOutBeforeSex,#justinbieberisoverparty,#WitnessesAndDocuments,#SaturdayMorning
14,#Deku,#WorstThingToYellOutBeforeSex,#justinbieberisoverparty,#WitnessesAndDocuments,#SaturdayMorning
15,#Deku,#WorstThingToYellOutBeforeSex,#justinbieberisoverparty,#WitnessesAndDocuments,#SaturdayMorning
16,#Deku,#WorstThingToYellOutBeforeSex,#justinbieberisoverparty,#WitnessesAndDocuments,#SaturdayMorning
17,#Deku,#WorstThingToYellOutBeforeSex,#justinbieberisoverparty,#WitnessesAndDocuments,#SaturdayMorning
18,#Deku,#WorstThingToYellOutBeforeSex,#justinbieberisoverparty,#WitnessesAndDocuments,#SaturdayMorning
19,#Deku,#WorstThingToYellOutBeforeSex,#justinbieberisoverparty,#WitnessesAndDocuments,#SaturdayMorning
20,#Deku,#WorstThingToYellOutBeforeSex,#justinbieberisoverparty,#WitnessesAndDocuments,#SaturdayMorning
21,#Deku,#WorstThingToYellOutBeforeSex,#justinbieberisoverparty,#WitnessesAndDocuments,#SaturdayMorning
22,#PowerSeason6,Tkachuk,#IDidntKnowMyKinkWas,Kassian,#kissagingerday
23,#OscarNoms,#ITrustBernie,Chen,Jongdae,Astros
24,Vince Vaughn,#TuesdayThoughts,#PortfolioDay,#RefundWarren,#DemDebate
25,Aaron Hernandez,#WednesdayWisdom,#NeverWarren,#CNNisTrash,Drew Pearson
26,Aaron Hernandez,#WednesdayWisdom,#NeverWarren,#CNNisTrash,Drew Pearson
27,Aaron Hernandez,#WednesdayWisdom,#NeverWarren,#CNNisTrash,Drew Pearson
28,Aaron Hernandez,#WednesdayWisdom,#NeverWarren,#CNNisTrash,Drew Pearson
29,Aaron Hernandez,#WednesdayWisdom,#NeverWarren,#CNNisTrash,Drew Pearson
30,Aaron Hernandez,#WednesdayWisdom,#NeverWarren,#CNNisTrash,Drew Pearson
31,Aaron Hernandez,#WednesdayWisdom,#NeverWarren,#CNNisTrash,Drew Pearson
32,Aaron Hernandez,#WednesdayWisdom,#NeverWarren,#CNNisTrash,Drew Pearson
33,Aaron Hernandez,#WednesdayWisdom,#NeverWarren,#CNNisTrash,Drew Pearson
34,Aaron Hernandez,#WednesdayWisdom,#NeverWarren,#CNNisTrash,Drew Pearson
35,Aaron Hernandez,#WednesdayWisdom,#NeverWarren,#CNNisTrash,Drew Pearson
36,Aaron Hernandez,#WednesdayWisdom,#NeverWarren,#CNNisTrash,Drew Pearson
37,Aaron Hernandez,#WednesdayWisdom,#NeverWarren,#CNNisTrash,Drew Pearson
38,Aaron Hernandez,#WednesdayWisdom,#NeverWarren,#CNNisTrash,Drew Pearson
39,Aaron Hernandez,#WednesdayWisdom,#NeverWarren,#CNNisTrash,Drew Pearson
40,Aaron Hernandez,#WednesdayWisdom,#NeverWarren,#CNNisTrash,Drew Pearson
41,Aaron Hernandez,#WednesdayWisdom,#NeverWarren,#CNNisTrash,Drew Pearson
42,Aaron Hernandez,#WednesdayWisdom,#NeverWarren,#CNNisTrash,Drew Pearson
43,Aaron Hernandez,#WednesdayWisdom,#NeverWarren,#CNNisTrash,Drew Pearson
44,Aaron Hernandez,#WednesdayWisdom,#NeverWarren,#CNNisTrash,Drew Pearson
45,Aaron Hernandez,#WednesdayWisdom,#NeverWarren,#CNNisTrash,Drew Pearson
46,Aaron Hernandez,#WednesdayWisdom,#NeverWarren,#CNNisTrash,Drew Pearson
47,#SeduceSomeoneInFourWords,#AppreciateADragonDay,Byleth,Altuve,McSally
48,Eminem,#AFallFromGrace,Ken Starr,#FridayFeeling,Kamikaze
49,National Archives,Incredible Hulk,#WinnieThePoohDay,Aaron Carter,#WorstThingsToYellOutAfterSex
50,Tariq,#PowerTV,#SundayThoughts,#DisgustMeIn4Words,#DumbThingsIDidInHighSchool
51,Revis,#MLKDay,#IEndorseBernie,#VirginiaRally,Happy MLK
52,#ILikeBernie,#TuesdayThoughts,#GOPCoverup,Jeter,#PastimesFromThe90s
53,#WednesdayWisdom,Fairway,Mr. Peanut,Terry Jones,#AdamSchiffROCKS
54,#ThursdayThoughts,#NationalPieDay,#DoomsdayClock,Monster House,Church of England
55,Joe Rogan,B.I.T.C.H,#dollypartonchallenge,#TheSexiestThingYouCanSay,#NationalComplimentDay
56,#AmericansWantWitnesses,#IGotKickedOutOfSpaceForce,Bangladesh,#PompeoMeltdown,#CoronaOutbreak
57,#SundayThoughts,Born Sinner,#WhiteMaleRage,Paula White,Kobe
58,#ILeftTheGOP,#KobeRIP,#iHeartBTS,Bolton,Letter to Nipsey
59,#girldad,Don Lemon,#TuesdayThoughts,#AddAWordRuinABook,Palestinians
60,#BellLetsTalk,Coach K,#WednesdayWisdom,Chris Doleman,#WeWantWitnesses
61,#SFFpit,#dershowitzlogic,#WorstWayToEndAnArgument,#MinajInMiami,#YangWillWin
62,#ImpeachmentTrialSham,Key Glock,#MissAmericana,Wayne,#FridayFeeling
63,Rashida,Tlaib,#HappyBirthdayHarry,#BlackHistoryMonth,#BooHillary
64,#SuperBowl,Mini Mike,#7YearsWithJungkook,#GroundhogDay,#PalindromeDay
65,#MondayMotivation,G Eazy,#HalftimeShow2020,#IowaCaucuses,#TrumpIsAnIdiot
66,#WorldCancerDay,#SOTU,#TuesdayThoughts,Shadow,#MayorCheat
67,#NationalWeatherpersonsDay,#NGWSD,#WednesdayWisdom,#ImWithFred,#LOONA_SOWHAT
68,Global Entry,#impeached4life,#BernieWonIA,#MittRomneyAmericanHero,#ThursdayMotivation
69,Vindman,James Woods,Jay Electronica,#YikesOutNow,Cherry Coke
70,Orson Bean,Chris Matthews,#XFL2020,#OrangeFace,Zoey 101
71,#NationalPizzaDay,Tasha,#Oscars,#SexSoLoudThat,#PowerTV
72,#QueenRadio,Qinni,Luke Perry,Equifax,#TrumpBudget
73,#WomenInScience,#TuesdayThoughts,Zaya,#BloombergIsRacist,Dixville Notch
74,Mel Tucker,#WednesdayWisdom,Ashley Judd,#ToAlltheBoys2,Ohio 2
75,10 Movies to Know Me,#GalentinesDay,John Kelly,Prager U,#WeSupportYouHorikoshi
76,Tink,Delta CEO,#ValentinesDay,McCabe,Artist 2.0
77,Tahitian Treat,K Camp,Sam Donaldson,#StillVotingYang,Ryan Garcia
78,#DAYTONA500,#HowIFoundTheGSpot,Lis Smith,#SundayThoughts,Tony Fernandez
79,John Oliver,#RTXOn,#MondayMotivation,#PresidentsDay,#PresidentWarren
80,#LoseAnArgumentIn3Words,#NationalDrinkWineDay,#TuesdayThoughts,Boy Scouts,Kaitlin Bennett
81,#WednesdayWisdom,Assange,George Zimmerman,The Exorcist,After Hours
82,#LoveYourPetDay,#OnlyBernie,#PresidentElizabethWarren,David Ortiz,#PBPitch
83,#BTSComeback2020,#QuadenBayles,#TrumpIsARussianAsset,Troy Daniels,#RussianInterference
84,Democratic Establishment,#NevadaCaucus,#AfterTheSexIsOver,#NationalMargaritaDay,Clint Eastwood
85,#MansplainingIn5Words,#SundayThoughts,B. Smith,Susan Sarandon,BTS GAME
86,#KobeFarewell,#WeLoveYouBTS,Cubans,Katherine Johnson,Castro
87,Pretty Ricky,Hot Pockets,Tina Fey,Dick Pound,#FatTuesday
88,Gabriel Fernandez,Ann Coulter,Red Vines,Happy Birthday Adam,#coronavirususa
89,#TrumpVirus,#PokemonDay,#loveisblindfinale,YouTube TV,#WWESSD
90,G Herbo,38% of Americans,Emotionally Scarred,#YtBring67MBack,#TrumpLiesAboutCoronavirus
91,#hoax,#LeapDay,#GetWellSoonYoongi,#BeforeWeHaveSexWeShould,Juvenile
92,#TrumpSlump,David Byrne,Chicago Freestyle,Selma,#DropOutBernie
93,#supertuesday2020,Artemis Fowl,#CoronaOutbreak,Valorant,Baby Pluto
94,#VoteForBernie,Favorite OST,#SuperTuesday,#Covid_19,Only Fans
95,#WednesdayWisdom,Shaun King,#BernieOrBust2020,Hervis Rogers,Warren Democrat
96,#loveisblindReunion,#PitMad,#WorldBookDay,Katy Perry,#ThankYouElizabeth
97,Jhené,#EmployeeAppreciationDay,#FridayThoughts,Hilary Rosen,#CHILOMBO
98,#BeBest,Scott Steiner,#WorstWaysToInterruptSex,Erik Prince,Kenny Atkinson
99,#InternationalWomensDay,Kate McKinnon,#HappyBirthdayYoongi,#DaylightSavingsTime,#SaidDuringBoardGamesAndSex
100,#NationalNappingDay,#CartoonsThatShouldReturn,Sydow,#marketcrash,#COVID2019
101,#MAR10Day,#BernieSurge,AR-14,Chuck Norris,China Virus
102,#WednesdayWisdom,BTS WORLD DOMINATION,Gronk,#WriteinBernie,#CancelEverything
103,#CoronavirusPandemic,Don Lemon,Earth 2,Katie Porter,#ThursdayMotivation
104,#coronapocalypse,Jay Electronica,Boomer Remover,#panicbuying,#QuarantineAndChill
105,#TrumpIsTheWORSTPresidentEVER,#CoronaVirusUpdates,Matt Colvin,King Lear,40 Republicans
106,#StayTheFHome,#coronapocolypse,Alien Ant Farm,Donald Glover,Vegemite
107,#QuarantineLife,Keri Hilson,Diggs,Comet,#원호야사랑해
108,#ChineseVirus,#StPatricksDay,Randy Johnson,#YangWasRight,#HowYouKnowYouAreBroke
109,Kathy,#WednesdayWisdom,Oprah,#californialockdown,#ReleaseTheButtholeCut
110,#QuarentineLife,Gal Gadot,Burr,Imagine,Catalina Wine Mixer
111,Feinstein,#CashAppFriday,#FridayThoughts,#CoronaCrisis,Peter Alexander
112,Kenny Rogers,#KanyeWestIsOverParty,#QuaratineLife,Steve Martin,Omari Hardy
113,Jamal Murray,#COVIDIOT,Childish Gambino,#SundayThoughts,#Option2Bernie
114,#NationalPuppyDay,Iron Man 3,#MondayMorning,#DemocratsAreDestroyingAmerica,Vin Scully
115,#NotDying4WallStreet,#CoronavirusLockdown,Kennedy Center,FISH TANK CLEANER,#StayAtHomeOrder
116,Stuart Gordon,Prince Charles,Karl-Anthony Towns,Until Tomorrow,Jackson Browne
117,#OpeningDayAtHome,Congratulations America,Triscuits,#ThursdayMotivation,ARMS
118,#CoronaLockdown,Jeezy,Massie,42 Dugg,#KickIt1stwin
119,#StayAtHomeAndStaySafe,Joseph Lowery,#TrumpGenocide,#ICanNotDieBefore,Anuel
120,PPE to China,Nier,#SideEffectsOfQuarantineLife,#SundayMorning,#WhenCoronaVirusIsOver
121,#NoMoreDreamIsComing,#NationalDoctorsDay,#Coronavirustruth,Adonis,Quincy Jones
122,#TransDayOfVisibility,#TuesdayThoughts,Jack Black,RIP NIP,#QuarantineAMovie
123,April Fools,Scott Storch,Herman Boone,Mannie,#CensusDay
124,#COVID19Pandemic,Dr. Desai,#WorldAutismAwarenessDay,#istandwiththepresident,Katt Williams
125,Venom,Rod Wave,Frank Ocean,Taylor Allderdice,Toosie Slide
126,Zoey 101,Dear Canada,Shaun King,Michael Atkinson,#PandemicSexTapeTitles
127,Tom Dempsey,#HollywoodJustFoundOut,Jackboy,#billboardcountthe10k,New Year's Day
128,#ARMYSelcaDay,Ezra Miller,#NationalStudentAthleteDay,Kim Possible,#MondayMorning
129,#NationalBeerDay,#WorldHealthDay,#TuesdayThoughts,Steak-umm,John Lewis
130,Happy Passover,#snapchatdown,#PandemicIn5Words,Dino Thunder,#WednesdayWisdom
131,Fusion Reborn,#WhyIDidntReport,Bill O'Reilly,RIP Lonnie,Purple Reign
132,#NationalSiblingsDay,#AccurateTrump2020Slogans,Hart Island,Bound 2,#TrumpBurialPits
133,#NationalPetDay,Happy Birthday Brandon,Lilo,#WhyImNotVotingForJoe,4 Albums
134,#RipFortnite,Happy Easter,#SNLAtHome,Chris Wallace,#BloodOnHisHandsHannity
135,#FireTrump,#1DOnlineConcertStayAtHome,Kyle Larson,Chattanooga,#Stimulusdeposit
136,#PortfolioDay,Mama Coco,#TuesdayThoughts,#WrestlingTwitterAfterDark,#DictatorTrump
137,Trump,Browns,#WednesdayWisdom,Apple,Snapchat
138,Purple Reign,Dennis Miller,National Horny Day,Jhene,Keiji Fujiwara
139,Fiona Apple,Dr. Phil,Richard Dawson,David Brooks,DaBaby
140,Rosa Parks,Klay,#TogetherAtHome,Babyface,#FloridaMorons
141,#TheLastDance,Daisy Mae,#BANGBANGCON_D2,Piers Morgan,Neiman Marcus
142,Happy 420,#420day,Shake Shack,#TrumpCoronavirusTestFailure,#OilPrice
143,Stanley Tucci,#RIPPrince,5 Perfect Movies,#tuesdayvibes,#JoeBidenTVShow
144,French Montana,#EarthDay,Anderson Cooper,#shawnmendesisoverparty,Big Poppa
145,#WorldBookDay,Draft Day,Ramadan Mubarak,Jesse Ventura,#kpopisoverparty
146,Lysol,#TrumpIsNotADoctor,Bank of China,#disinfectant,#CongressPassUBI
147,#DropOutBiden,#KIMJONGUNDEAD,Alinity,Drita,Pauly D
148,#OddPlacesIHadSexIn,#LesbianVisibilityDay,#sundayvibes,#AlienDay,Brad Pitt
149,#MondayMotivation,Naughty Dog,Aaron Gordon,UFOs,FAKE PRESIDENT
150,#NationalSuperheroDay,#tuesdayvibes,Minnie,#AliensExist,Dustin Colquitt
151,Amash,K.I.D.S,#WednesdayWisdom,#InternationalDanceDay,#SM_이태용_지켜
152,Chris Hayes,debby ryan,#heautifulharries,Brian Williams,Andy Dalton
153,Happy Birthday Gigi,#IBelieveBiden,Alex Jones,Jill Scott,#Order66
154,Murder Hornets,#IAmGettingSoTiredOf,Zoe Baird,Wale,#worldnakedgardeningday
155,Nintendo 64,Killmonger,#GoJoe,#sundayvibes,Christine O'Donnell
156,#MayThe4thBeWithYou,Don Lemon,junmyeon,Don Shula,#TeacherAppreciationWeek
157,X Æ A-12,#TeacherAppreciationDay,Slime & B,#AhmaudArbery,Kurt Loder
158,Adele,#NationalNursesDay,#WhenTrumpIsOutOfOffice,Marsha,#becomingnetflix
159,Earl Thomas,Jason Whitlock,Praying Mantis,#AhmaudAubrey,#SeanReed
160,King Bach,#TrumpDepression,6ix9ine,Kehlani,Jesus is the Christ
161,Andre Harrell,#DonaldTrumpIsTheTypeOfGuy,Little Richard,HDMI 1,#SecretSky
162,#ObamaGate,SCAD,#TrumpsJealousOfObama,Betty Wright,Madres
163,Jerry Stiller,Joji,#Chimesweeps,#multisareoverparty,Dave Grohl
164,Mary Mary,Stormi,#Etika30,#tuesdayvibes,Rand Paul
165,#kpopstansareoverparty,#3moremonths,#SubpoenaObama,Boosie,#wednesdaymorning
166,Burr,#RIPAmerica,Blake Snell,Safaera,Scarface
167,#TrumpHasNoPlan,#AvatarTheLastAirbender,Bob Watson,Space Force,Katara
168,#ObamaCommencement2020,#lastnormalphoto,Sorry Robert,State Department,#ArmedForcesDay
169,#WatermelonSugar,Kevin Gates,#ObamaWasBetterAtEverything,#NCT127_BeyondLIVE,Eric Trump
170,Eddie Haskell,Shad,#InternationalMuseumDay,Karl Rove,#Hydroxychloroquine
171,#PresidentPlump,#TMobileTuesdays,Pier 1,jojo siwa,Tison
172,Obama Runtz,#NationalRescueDogDay,Midland,Sears Tower,Paul Pierce
173,Lana,Klobuchar,Westgate,WE LOVE YOU LIAM,#TrumpDeathToll95K
174,#YouAintBlack,Puppy Chow,#JoeBidenIsARacist,#noacf,Quavo
175,Eid Mubarak,#RIPHanaKimura,WE LOVE YOU HARRY,#IfIWorkedAtDunderMifflin,Sessions
176,#WeAreSorryDoja,#memorialdayweekend2020,Lake of the Ozarks,Marty Byrde,#TheMatch
177,#MakeSolo2Happen,WE LOVE YOU 1D,Uncut Gems,Jimmy Cobb,#Cyberpunk2077Sweepstakes
178,Jayda,Shaun King,#jimmyfallonisoverparty,#AmyCooper,#GeorgeFloyd
179,Kathy Griffin,#AllLivesMatter,#WednesdayWisdom,#LaunchAmerica,John Boyega
180,#minneapolisriots,Target,#NationalHamburgerDay,Chris Smoove,#BlackLivesMater
181,Van Jones,#donaldisoverparty,#RAISETHEDEGREE,#FridayThoughts,THUGS
182,#BLACK_LIVES_MATTER,#riots2020,Amish,Killer Mike,#TrumpResignNow
183,#protests2020,Jake Paul,Anonymous,Bratz,John Cusack
184,Virgil,#BunkerBoy,#PRIDE2020,Tom Cotton,Van Nuys
185,#BlackOutTuesday,#TrumpDictatorship,2 Virgils,#WendysIsOverParty,#BlackLivesMattter
186,Dominicans,Drew Brees,Trina,Juan Ramirez,#WhiteLivesMatter
187,Vidor,Norvell,#BLUEFALL,#PitMad,#EXPOSEANTIFA
188,#babygate,#PoliceBrutalityPandemic,He's 75,Third Amendment,Lady G
189,#BlackLivesMattters,Barron Trump,ATTACK AND DETHRONE GOD,#DDay,#LadyGraham
190,#STFUHillary,#ByeIvanka,Colin Powell,Ben Carson,Elmer Fudd
191,#WorldOceansDay,Dan Bilzerian,#NationalBestFriendsDay,Shrek 2,Goth IHOP
192,Robin Williams,Cantu,B Simone,#BillandTedDay,Chester Bennington
193,Gone With the Wind,#PlayStation5,Leaving Las Vegas,Teena Marie,Song of the South
194,American Taliban,Cognac Queen,Ray Ciccarelli,#PS5Reveal,Kit Kat
195,Dave Chappelle,#JusticeforRobertFuller,Lil Baby,Pulse,#UglyPresident
196,Pat Tillman,#SexGoneWrongIn5Words,Spongebob,West Point,#RayshardBrooks
197,#AllBirthdaysMatter,#ObamaDayJune14th,#BangBangConTheLive,#FlagDay,Newt
198,#JusticeForToyin,Gundy,#MondayMotivation,T-Mobile,Rob Manfred
199,Shake Shack,#tuesdayvibes,Lecrae,#madisonbeerisoverparty,#TupacShakur
200,Aunt Jemima,J Cole,McMuffin,#GOPCowards,#StarTrekUnitedGives
201,Beethoven,#ThursdayThoughts,RIP X,Nestor,#RIPTacoBell
202,America,Republican,Teyana,Juneteenth,ansel elgort
203,Barr,City Girls,Joe Rogan,Lenin,Grant
204,Father's Day,Pizza Hut,#tiktokteens,#TrumpRallyFail,Shane
205,Mixer,NASCAR,Ja Rule,#MondayMotivation,#PRETTYMUCHISOVERPARTY
206,Mel Gibson,#BreonnaTalyor,#TMobileTuesdays,Andrew Jackson,Bill Simmons
207,Parler,Tom Joyner,Flynn,6lack,Meek
208,#ThursdayThoughts,#11YearsWithOutMichaelJackson,Splash Mountain,Guy Phillips,#JBalvinIsOverParty
209,6lack,Obamacare,Durk,Huey,#FridayThoughts
210,#TraitorTrump,Milton Glaser,Shane Dawson,#ByeIvanka,Real Genius
211,Sacha Baron Cohen,The Villages,#HappyBirthdayMarkiplier,Low IQ,Shane Dawson
212,#MondayMotivation,St. Louis,Clyde,Iran,Dilbert
213,#tuesdayvibes,Rand Paul,Tati,Carl Reiner,Ian Desmond
214,Jada,Bobby Bonilla,#MailedIt,Canada,Dan Patrick
215,Nairo,#HeWentToJared,Vanilla Ice,Maya Moore,#AllLivesMatters
216,Pop Smoke,Redskins,Hamilton,Karol G,Five Guys
217,#AllCountriesMatter,Happy 4th of July,Happy 4th,4th of July,Independence Day
218,Kanye,#sundayvibes,Summer Taylor,First Lady,Kayne
219,Ennio Morricone,#TrumpVirus,Mahomes,NASCAR,Charlie Daniels
220,#StudentBan,#BLACKOUTDAY2020,Don Lemon,DeSean Jackson,SATs
221,Stephen Jackson,Mary Kay Letourneau,#ripjeffbezos,Birthday Party,#dogecoin
222,Naya Rivera,Bill Nye,#socialistteeth,Goya,Notre Dame
223,Goya,Wayfair,Summer Walker,#SupremeLoser,#PulteDropsBitcoin
224,Jill Scott,#UFC251,#entanglement,Disney World,Romney
225,Marlo,Betsy DeVos,#sundayvibes,#NobodyArtistClub,#PardonMeTrump
226,Redskins,Chuck Woolery,Kelly Preston,Naya,#MondayMotivation
227,#TMobileTuesdays,MySpace,#ByeDonJr,Cindy Adams,Bari Weiss
228,Nick Cannon,T-Pain,Snoop,Ivanka,Hatch Act
229,Kemp,Dan Snyder,#TrumpFailedAmerica,Birkin,Quavo
230,Tamar,#NationalTattooDay,#WorldEmojiDay,Drake,Gronk
231,John Lewis,#MTVHottest,Voting Rights Act,#PortlandKidnappings,Marco Rubio
232,Adult Swim,#NationalIceCreamDay,Chris Wallace,Hank Hill,#entanglements
233,Kanye,Kasich,Mark Cuban,#MondayMotivation,Deutsche Bank
234,Tucker,#tuesdayvibes,Liz Cheney,Scott Pilgrim,Korra
235,#10YearsOfOneDirection,Meek,Jeff Bezos,#NationalHotDogDay,Mookie
236,#OpeningDay,#10YearsOfOneDirection,#personwomanmancameratv,Demi Lovato,Trump's America
237,Flo Milli,#NationalTequilaDay,Paw Patrol,#TheWorstEndingEver,#Folklore
238,Sinclair,Lake Lanier,Ray Park,#DontDoThisAfterSex,grimes
239,Usher,#sundayvibes,George Carlin,Jon Voight,Brett Favre
240,#GamingConfession,#MondayMotivation,Marlins,Tom Cotton,Nadler
241,#ExaBFF,Last Chance U,Barr,Fenty Skin,jungkook
242,Joe Kelly,Kodak,NYPD,Germany,Paul Rudd
243,Mahomes,Herman Cain,#NobodyLikesTrump,John Lewis,Lakers
244,#BlackIsKing,Eid Mubarak,Jim Jordan,Brandy,#SeduceMeIn5Words
245,#NationalGirlfriendDay,TikTok,Moesha,#SpiderManDay,Tidal
246,Wilford Brimley,Walter Reed,Raptors,#BillClintonIsAPedo,#sundayvibes
247,#ARSD,Astroworld,#WomenAgainstTrump,#MondayMotivation,#ReactionTimeTest
248,Axios,#TMobileTuesdays,Beirut,Lebanon,Swan
249,#NoComradesUnder1k,Cori Bush,My Headphones,Melo,Oprah
250,#RevealYourAgeWithoutNumbers,Zelda,The NRA,Thighland,High Fidelity
251,Cardi,Kylie,Rod Wave,Phil Collins,#WAPMusicVideo
252,#InternationalCatDay,Obamacare,Sturgis,#VoteOutRacism,Dame
253,Social Security,New Zealand,Luka,#sundayvibes,#ThingsICanNoLongerDo
254,#WeWantToPlay,NCAA,#IveHadEnoughOf,#MondayMotivation,Ben Shapiro
255,Kuzma,Lakeith,Ben Shapiro,#tuesdayvibes,WWII
256,#nastywoman,Shaun King,#wednesdaymorning,kyla,Atalanta
257,Newsweek,#LeftHandersDay,USPS,jikook,Drake Bell
258,Drake,Dolph,Annabelle,Barca,#FridayFeeling
259,Genghis Khan,Kissanime,NYPD,#BidenHarrisLandslide2020,#ByeHannity
260,Alex Smith,#wrongtrump,Mark Meadows,Snowden,#SundayMorning
261,Death Valley,#iHeartDynamite,#MondayMotivation,Barron,Ben 10
262,Tatis,Michelle Obama,#19thAmendment,Susan B. Anthony,#iHeartDay2Contest
263,Goodyear,#WorldPhotographyDay,Trey Songz,#WAPParty,Laura Loomer
264,#NationalRadioDay,President Obama,Thom Brennaman,Bannon,Drunk History
265,Tory,#FreeCodeFridayContest,#FridayFeeling,#everythingmeansnothing,#KingsDisease
266,#AlyssaMilanoIsALie,#DCFanDome,McSally,TOH SPOILERS,Leafy
267,Kobe,#Indy500,Brandy,Batman,#SundayMorning
268,Jacob Blake,jacob blake,#dejoyhearing,#RNC2020,#blacklivesmatter
269,jacob blake,#rnc2020,#blacklivesmatter,falwell,#justiceforjacobblake
270,National Dog Day,Messi,Bella Thorne,Bruins,Landon Clifford
271,Katy Perry,National Dog Day,Call of Duty Cold War,Tucker Carlson,Bruins
272,jacob blake,#rnc2020,#blacklivesmatter,falwell,#justiceforjacobblake
273,Shaun King,#RIPChadBoseman,#UFCVegas8,Cliff Robinson,#TrumpIsNotWell
274,#TrumpRiots,Patriot Prayer,Celtics,Lakers,#noahbeckisoverparty
275,#TrumpTerrorism,#MondayMotivation,Jamal Murray,Monica,#LovecraftCountry
276,zendaya,#TrumpStroke,Sister Sister,#ImVotingForJoe,#pokemonmastersex
277,Carole Baskin,Kirk Cousins,Kennedy,Ferg,John Boyega
278,#PitMad,Mario,Mexican Pizza,Harden,Steve Nash
279,Justin Bieber,Big Sean,Labor Day,#BeyDay,#WeRespectVets
280,Degrassi,Breitbart,Lake Travis,#AEWAllOut,Nikki
281,#PValley,Charlie Sheen,Cohen,Steve Jobs,James Woods
282,Mac Miller,Labor Day,taemin,Hobby Lobby,Chucks
283,Odell,#StarTrekDay,Travis Scott,Series S,#TuesdayThoughts
284,#WednesdayWisdom,Rey Kenobi,Nobel Peace Prize,#earthquake,Lebron
285,#WorldSuicidePreventionDay,Chiefs,#NFLKickoff,#CancelNetflix,Texans
286,#NeverForget,#AllBuildingsMatter,Pledge of Allegiance,Serena,Texans
287,Toots,#NationalVideoGamesDay,Chris Evans,Tulsi,Clemson
288,Compton,John Wall,Westbrook,#BlueLivesMatter,Browns
289,Venus,George Floyd,#MondayMotivation,Lancaster,Joe Rogan
290,#AppleEvent,#HispanicHeritageMonth,Gostkowski,Scientific American,Allen Robinson
291,Kanye,Holocaust,#TrumpLied200KDied,#HerdMentality,Big Ten
292,iOS 14,Barr,Chris Rock,Thiago,#ConstitutionDay
293,Van Morrison,#RoshHashanah,Brent,Tyler Childers,Giannis
294,SCOTUS,Supreme Court,#ios14homescreen,Bronny,#BatmanDay
295,Nars,#ios14homescreen,Woodley,Bad Bunny,Diamonds Dancing
296,Bethesda,Zendaya,#MondayMotivation,21st of September,#WearAMask
297,#NationalVoterRegistrationDay,#TMobileTuesdays,#firstdayoffall,Vanessa Bryant,Snapchat
298,Bagg,#BiVisibilityDay,Wells Fargo,#WednesdayWisdom,Cindy McCain
299,Nier,Biden 2020,NWTS,Zlatan,#JBChanceHoly
300,Tory,Joji,Murray,#nationaldaughtersday,Charles Barkley
301,Jill Stein,Reds,Dennis Quaid,Tay K,Proud Boys
302,#UFC253,#FartingCrickets,The Rock,Armenia,Lebron
303,Project Veritas,Salt Bae,Ravens,#MondayMotivation,Ivanka
304,#NationalCoffeeDay,#Debates2020,Ann Coulter,Tulsi,Jesus is Lord
305,Proud Boys,#InternationalPodcastDay,Yellow,#TrumpIsARacist,Braves
306,Chrissy,Halloween,#October1st,Kyrie,Nicki
307,Rick Moranis,Morgan Freeman,Walter Reed,COVID,#FreeCodeFridayContest
308,#NationalBoyfriendDay,Tyga,Chris Christie,Bob Gibson,#MeanGirlsDay
309,#ProudBoys,Harden,Signing,Sharpie,EXIF
310,#WorldTeachersDay,#sameartist,Space Force,#TrumpCovid19,#LovecraftCountry
311,#NationalCoachesDay,Stanton,Mussolini,Hurricane Delta,Egyptians
312,#VPDebate,Ken Bone,Haskins,#LakeShow,CRISPR
313,Pete,#InternationalLesbianDay,#ChickenTrump,Rambo,Louise Glück
314,#EndSARS,Yelp,Brady,#fridaymorning,#FridayVibes
315,#WorldMentalHealthDay,Danny Green,#MapOfTheSoulOne,Lebron,Taliban
316,#NationalComingOutDay,Bill Burr,#MapOfTheSoulOne_D2,Jack White,Pinkerton
317,#IndigenousPeoplesDay,Columbus,Lakers,Kobe,Joe Morgan
318,#AppleEvent,Chargers,Braves,Dodgers,iPhone 12
319,#ThanksPlannedParenthood,#BoycottNBC,Dodgers,Ice Cube,#WednesdayWisdom
320,#NBCBlackout,Iowa,#FireChuckTodd,#CrookedJoeBiden,#ByeTiffany
321,Mr. Rogers,Babylon Bee,#PulteHelpsPeople,#VoteForHer,#BlameTrump
322,Edmund,Milky Way,#TheWayISeeIt,Will Smith,Seager
323,Kirstie Alley,Lopez,Loma,Jim Carrey,Astros
324,Bolivia,#MondayMotivation,Dodgers,Toobin,#ThankYouDoc
325,Nigeria,#EndSARS,Pat Robertson,Kasich,DMCA
326,Quibi,Rudy,#PronounsDay,Borat,Chris Pratt
327,Tony Bobulinski,Annalise,Iran,#MakeADogsDay,Turkey
328,Luke Combs,Birkin,ariana,Saweetie,McRib
329,Jerry Jeff Walker,#VoteEarlyDay,Khabib,Rutgers,Lou Dobbs
330,Dodgers,Adele,Steelers,Nuns,Jansen
331,Lil Pump,George Lopez,Jared Kushner,Cardinals,Tim Apple
332,#VoteThemOut,Kavanaugh,SCOTUS,Supreme Court,#WalterWallaceJr
333,Omaha,Dodgers,#XSXFridgeSweeps,Lil Baby,frank ocean
334,#NationalCatDay,Perdue,Ivy Park,Jack Nicklaus,Wine
335,#TheMandalorian,Happy Halloween,#POSITIONS,McRib,Bobby Orr
336,Halloween,#VoteBlueToEndTheNightmare,Sean Connery,Bond,Michigan
337,Christmas,Rod Wave,Tank,TAYLOR IS FREE,Mook
338,Fauci,Lady Gaga,#VoteResponsibly,#ARSD,#MondayMotivation
339,#ElectionDay,STAY IN LINE,Kanye,Tracy Chapman,Lil Pump
340,Oregon,#CountEveryVote,Bernie,Nevada,Ben Shapiro
341,J Cole,#ElectionResults2020,Biden - 264,Nevada,Stacey Abrams
342,Stacey Abrams,King Von,#GetWellSoonYoongi,#bidenharis2020,System of a Down
343,Quebec,Lincoln Project,Mark Meadows,#BidenHarris2020,hobi
344,Four Seasons Total Landscaping,Notre Dame,Dave Chappelle,Alex Trebek,Jim Carrey
345,Pfizer,Eva Longoria,Toph,taemin,Brady
346,Xbox,Major League,Pompeo,Veterans Day,#BidenWonDay
347,Kodak,Rigby,Zoey 101,Veterans Day,#VeteransDay
