,1,2,3,4,5,6,7,8,9,10,11,12,13,14,15
0,#NewYearsDay,Welcome to 2020,Pope,#RoseBowl,#CitrusBowl,David Stern,#WinterClassic,Started 2020,Page 1 of 365,The Proud Family,#2020SoFar,Auburn,#SpreadLove,#VegasNYE,#jamescharlesisoverparty
1,New Guy,#ThursdayThoughts,#worldintrovertday,Opie,Anna Mae,Gene Simmons,#ReleaseTheJJCut,#backtowork,Isaac Asimov,Mark McGrath,Castro,#relationshipwithBTS,#OurHappinessJISOODay,Ari Lennox,Sam Wyche
2,New Guy,#ThursdayThoughts,#worldintrovertday,Opie,Anna Mae,Gene Simmons,#ReleaseTheJJCut,#backtowork,Isaac Asimov,Mark McGrath,Castro,#relationshipwithBTS,#OurHappinessJISOODay,Ari Lennox,Sam Wyche
3,New Guy,#ThursdayThoughts,#worldintrovertday,Opie,Anna Mae,Gene Simmons,#ReleaseTheJJCut,#backtowork,Isaac Asimov,Mark McGrath,Castro,#relationshipwithBTS,#OurHappinessJISOODay,Ari Lennox,Sam Wyche
4,New Guy,#ThursdayThoughts,#worldintrovertday,Opie,Anna Mae,Gene Simmons,#ReleaseTheJJCut,#backtowork,Isaac Asimov,Mark McGrath,Castro,#relationshipwithBTS,#OurHappinessJISOODay,Ari Lennox,Sam Wyche
5,New Guy,#ThursdayThoughts,#worldintrovertday,Opie,Anna Mae,Gene Simmons,#ReleaseTheJJCut,#backtowork,Isaac Asimov,Mark McGrath,Castro,#relationshipwithBTS,#OurHappinessJISOODay,Ari Lennox,Sam Wyche
6,New Guy,#ThursdayThoughts,#worldintrovertday,Opie,Anna Mae,Gene Simmons,#ReleaseTheJJCut,#backtowork,Isaac Asimov,Mark McGrath,Castro,#relationshipwithBTS,#OurHappinessJISOODay,Ari Lennox,Sam Wyche
7,#wwlll,#TrumpsWar,#WWIII,Rose McGowan,Soleimani,Black Twitter,#WorldWarThree,Geraldo,FAFSA,Enlist,Drummond,Deutsche Bank,Bill Polian,Irán,All-Pro
8,Meat Loaf,#ww3memes,#njwk14,Tucker Carlson,#SaturdayThoughts,Josh Allen,#BUFvsHOU,Susan Rice,#GetWellSoonHaechan,Marvin Lewis,Bills,Booger,Texans,Terry Gilliam,#ByTheEndOfThisDecade
9,#IfTheWorldHadNoMen,#BTSxGDA,Happy Founders,#PowerTV,#GoldenGlobes,Saints,#Iranattack,#SKOL,2 Trillion,Kirk Cousins,#MINvsNO,Taysom Hill,Wentz,Vikings,Pete Weber
10,George Lopez,#ARMYSelcaDay,#RuinAMovieWithOneWord,Bolton,#TheBachelor,#MondayMotivation,Red Lobster,#ATEEZistheANSWER,#우리_정국이_사랑해,Gosar,Beta Ray Bill,#WeTrustX1,Jim Bakker,#IraniansDetestSoleimani,Reyes
11,#TuesdayThoughts,Nikki Haley,#7isComing,#WithMyNextPaycheckIWill,Meghan McCain,#TemblorPR,Elizabeth Wurtzel,Puerto Rico,Aubrey Huff,Bonnaroo,Joe Judge,Sinnoh,#ScienceHasFailedToAnswer,Avatar 2,Rascal Flatts
12,#WednesdayWisdom,#IvotedforHillaryClinton,#iHeartAwards,#IranVSAmerica,Jillian Michaels,#TrumpSpeech,First BTS MV,#Ruin2020In4Words,#TrumpsWarOfMassDistraction,Harry and Meghan,Mike Lee,Adderall,63 Canadians,Mac Miller,Boeing 737
13,Boosie,#SniffyMcAdderall,#LawEnforcementAppreciationDay,#ThursdayThoughts,Happy Founders,Doug Collins,Buck Henry,Mike Leach,Wipe Me Down,#InsteadOfMoneyPleaseSend,EXO is EXO,#PreOrder7,Colquitt,Steyer,#IranPlaneCrash
14,#IAmNonbinary,Life is Good,#FridayFeeling,Sum 2 Prove,#RareOutNow,#HSMTMTS,Neil Peart,Warm Drink,#AnimeAwards,#SKZUNLOCKinUSA,DCCC,Drake and Future,#RHS2,#YouShouldBeSad,#TrumpFearsBernie
15,#Deku,#WorstThingToYellOutBeforeSex,#justinbieberisoverparty,#WitnessesAndDocuments,#SaturdayMorning,#LouisLive,Dennis Hastert,Jeffree,#FilmsForRepublicans,#reylolove,Jimmy G,#TOTLIV,Tessa,#NFLDivisionalRound,#IfICouldTurnBackTime
16,#PowerSeason6,Tkachuk,#IDidntKnowMyKinkWas,Kassian,#kissagingerday,#SEAvsGB,#HOUvsKC,#SundayThoughts,Mahomes,#LGBTQgang,#SundayMorning,Texans,La Parka,Titans,#GoPackGo
17,#OscarNoms,#ITrustBernie,Chen,Jongdae,Astros,#NationalChampionship,#NancyPelosiFakeNews,#MondayMotivation,Cora,Antonio Brown,Nikkie,IM SO HAPPY FOR HIM,Clemson,Academy,#MondayMorning
18,Vince Vaughn,#TuesdayThoughts,#PortfolioDay,#RefundWarren,#DemDebate,#MyPSYear2019,Dante,WNBA,The Shooter,Sakurai,#WomenForBernie,Joe Brady,#DaveGrohl,Cillizza,#NationalDressUpYourPetDay
19,Aaron Hernandez,#WednesdayWisdom,#NeverWarren,#CNNisTrash,Drew Pearson,Van Jones,Gallant,#NationalHatDay,#RockHall2020,#IStandWithBernie,Equal Rights Amendment,Rocky Johnson,Susan Collins,#CNNisGarbage,#AngelJennieDay
20,#SeduceSomeoneInFourWords,#AppreciateADragonDay,Byleth,Altuve,McSally,Happy Centennial,#SeduceSomeoneIn4Words,#PresidentPelosi,Fultz,#My20YearOldSelfIn5Words,#TheyAllKnew,Christopher Tolkien,#meandurghost,Odell,Three Houses
21,Eminem,#AFallFromGrace,Ken Starr,#FridayFeeling,Kamikaze,#IvyParkXAdidas,#manicthealbum,David Brooks,#BlackSwan,Pam Bondi,Ted Lieu,Blue World,Betty White,DISPLAY,Tori
22,National Archives,Incredible Hulk,#WinnieThePoohDay,Aaron Carter,#WorstThingsToYellOutAfterSex,Space Force,#WomensMarch2020,#YouShouldntHireMeBecause,#SaturdayThoughts,Camo,#SpaceForce,Endor,#AFallFromGrace,Frank Clark,#LiesTrumpHasTold
23,Tariq,#PowerTV,#SundayThoughts,#DisgustMeIn4Words,#DumbThingsIDidInHighSchool,#WhatISaidDuringDrunkSex,#GetWellSoonYunho,Andrea de Castro,Faust,Hugh Hewitt,#twitterLGBTQ,#UFC246,McGregor,Conor,#EdgarAllanPoe
24,Revis,#MLKDay,#IEndorseBernie,#VirginiaRally,Happy MLK,Baby Jabba,Angelina,New York Times,#IWasTheKindOfKid,#MondayMorning,Antifa,Black Panthers,David Lynch,The NYT,NYT Editorial Board
25,#ILikeBernie,#TuesdayThoughts,#GOPCoverup,Jeter,#PastimesFromThe90s,#ImpeachmentTrial,#MidnightMitch,Damian Lillard,#SquirrelAppreciationDay,All Time Low,#MidnightMoscowMitch,Infinite Jest,Life with Derek,#NationalHugDay,#TrumpsRemovalTrial
26,#WednesdayWisdom,Fairway,Mr. Peanut,Terry Jones,#AdamSchiffROCKS,#WhyIDrankBefore21,#TrumpImpeachmentTrial,Orlando Brown,Drip Bayless,Anna May Wong,#earthquake,#RoevWade,#ImAwake,Eli Manning,Dance of the Clairvoyants
27,#ThursdayThoughts,#NationalPieDay,#DoomsdayClock,Monster House,Church of England,Prince Charles,Trapsoul,Mnuchin,Jim Lehrer,Michelle Carter,#VoteThemAllOut2020,#AskSonicMovie,Lena Waithe,WHERE IS YOONGI,Christopher Lloyd
28,Joe Rogan,B.I.T.C.H,#dollypartonchallenge,#TheSexiestThingYouCanSay,#NationalComplimentDay,#hotgirlsforbernie,#RightMatters,Myke Towers,#MarchForLife,Terry Crews,#TakeHerOut,#FridayMotivation,#RightMattersTruthMatters,#KIISGrammys,Nancy Drew
29,#AmericansWantWitnesses,#IGotKickedOutOfSpaceForce,Bangladesh,#PompeoMeltdown,#CoronaOutbreak,#hotgirIsforbernie,Byte,#VotingForBernie,#ProudOfBTSAlways,#TrumpTapes,#UFCRaleigh,#AdamSchiffHasMyRespect,#TrumpDefense,Meek,#WorldsCollide
30,#SundayThoughts,Born Sinner,#WhiteMaleRage,Paula White,Kobe,#WinterBear100M,#NeverTrustAPersonWho,Mauve,Larenz Tate,#RoyalRumble,#satanicpregnancy,Satanic,#MenAreResponsibleFor,Green Day,#Bellator238
31,#ILeftTheGOP,#KobeRIP,#iHeartBTS,Bolton,Letter to Nipsey,#MambaMonday,#MondayMotivation,Persona vs IRL,Ken Starr,Pam Bondi,Chris Wallace,David Frum,#AllOfUs4Warren,Blindsided,#scammys
32,#girldad,Don Lemon,#TuesdayThoughts,#AddAWordRuinABook,Palestinians,#NepotismBarbie,75% of Americans,Pokemon Home,Living Single,#ColeWorld,#dualipaisoverparty,Dusty Baker,#CancelStudentDebt,#KobeFarewell,6 Rings
33,#BellLetsTalk,Coach K,#WednesdayWisdom,Chris Doleman,#WeWantWitnesses,Pastor Troy,#MCRXX,#BTSxCorden,Thiem,#ilovepublicschools,Kraken,Hobo Johnson,Minnie,World War Six,#coronaravirus
34,#SFFpit,#dershowitzlogic,#WorstWayToEndAnArgument,#MinajInMiami,#YangWillWin,#ThursdayThoughts,Wilbur Ross,#ICouldBeHealthierBut,Payback,#ThingsYouWontHearBatmanSay,Amor Eterno,Shakira,George Wallace,Kelis,Verdugo
35,#ImpeachmentTrialSham,Key Glock,#MissAmericana,Wayne,#FridayFeeling,#hotboysforbernie,#Funeral,Mama Mia,Red XIII,#Fast9,Desires,Diddy,Murkowski,NOT MY CAT,#BrexitDay
36,Rashida,Tlaib,#HappyBirthdayHarry,#BlackHistoryMonth,#BooHillary,Mary Higgins Clark,Happy Black History Month,Zach Thomas,America's Greatest President,#SaturdayMorning,#JusticeForJohnnyDepp,Dame,Damian Lillard,Langston Hughes,#NFLHonors
37,#SuperBowl,Mini Mike,#7YearsWithJungkook,#GroundhogDay,#PalindromeDay,#SundayThoughts,#MySexHorrorStory,#EGOComebackTrailer,#AmberHeardIsAnAbuser,#SuperSaturdayNight,#PepsiHalftime,#EgoIsComing,#MenAreNotVeryGoodAt,#Coronarivus,Jaehyun
38,#MondayMotivation,G Eazy,#HalftimeShow2020,#IowaCaucuses,#TrumpIsAnIdiot,Gerald,Death Note,God is God,#DescribeAMovieBadly,Weply,#CaucusForYang,Dunkaroos,Rush,Greyhound,Limbaugh
39,#WorldCancerDay,#SOTU,#TuesdayThoughts,Shadow,#MayorCheat,#IowaCaucas,Iggy,#IowaCaucusDisaster,Ben Carson,#TomPerezResign,Rosa Parks,#BoycottStateofUnion,Wiggins,Wilpons,#BernieWon
40,#NationalWeatherpersonsDay,#NGWSD,#WednesdayWisdom,#ImWithFred,#LOONA_SOWHAT,#WorldReadAloudDay,Gerald Green,Newt,Romney,#ImpeachmentDay,Ripping,#BTSPresale,Doug Jones,#NancyPelosiROCKS,Pete Rose
41,Global Entry,#impeached4life,#BernieWonIA,#MittRomneyAmericanHero,#ThursdayMotivation,National Prayer Breakfast,#CNNTownHall,Drummond,Wiggins,#YikesTonight,Bill Cosby,#CongratsChristina,Pistons,#MattGaetzIsATool,Your Love
42,Vindman,James Woods,Jay Electronica,#YikesOutNow,Cherry Coke,#AnimalCrossingSwitchGiveaway,#FallonAsksBTS,Texas 2,Brent Faiyaz,#FridayThoughts,#DemDebate,Quavo,#WearRedDay,Welcome Back,#PetesBillionaires
43,Orson Bean,Chris Matthews,#XFL2020,#OrangeFace,Zoey 101,Gary Trent,William Moon,Bill Nye,#BernieIsMyPresident,Bob Knight,Cardale Jones,Robert Conrad,Goaltending,#PORvsUTA,Steve Bannon
44,#NationalPizzaDay,Tasha,#Oscars,#SexSoLoudThat,#PowerTV,#LGBTQof2020,Laura Dern,#WhiteObama,#AntifaTerrorists,Aaron Murray,#XFLfootball,#BuschClash,#SundayMorning,#njnbg,#WallStreetPete
45,#QueenRadio,Qinni,Luke Perry,Equifax,#TrumpBudget,#NationalUmbrellaDay,#MondayMotivation,#IStandWithGayle,Hookers for Jesus,Rivers,Rob Manfred,#HarryOnHits1,Jon Miller,#ParasiteBestPicture,#SecondLookAt7
46,#WomenInScience,#TuesdayThoughts,Zaya,#BloombergIsRacist,Dixville Notch,Dragon Tales,Roger Stone,#broomstickchallenge,Lyle Mays,Rebecca Black,Knives Out 2,#NHprimary2020,Wes Anderson,#BestDateIn4Words,#ImpeachBarrNow
47,Mel Tucker,#WednesdayWisdom,Ashley Judd,#ToAlltheBoys2,Ohio 2,#SayNoToPeopleWho,Rick Moranis,John Ambrose,Peter Kavinsky,#BernieWonNH,#MythsAboutGenderRoles,#FREEZAYN,Amber Rose,#BeingLiberalMeans,Wes Anderson
48,10 Movies to Know Me,#GalentinesDay,John Kelly,Prager U,#WeSupportYouHorikoshi,Dev Patel,Hope Hicks,#ToAllTheBoysPSIStillLoveYou,Narcos Mexico,McClatchy,#TheBatman,#WorldRadioDay,South Park,After Hours,No Tellin
49,Tink,Delta CEO,#ValentinesDay,McCabe,Artist 2.0,#CHANGESOUTNOW,#ThingsFakeAF,Cody Bellinger,Roses,Team Snapchat,Hopper,Tame Impala,DTB 4 Life,#AllAboutLuv,Man City
50,Tahitian Treat,K Camp,Sam Donaldson,#StillVotingYang,Ryan Garcia,Emerson,Drudge,YOU ARE NOT A KING,#StillVotingForYang,Happy Birthday Meg,Correa,Lavrov,Caroline Flack,#UFCRioRancho,#AnnoySquidwardDay
51,#DAYTONA500,#HowIFoundTheGSpot,Lis Smith,#SundayThoughts,Tony Fernandez,Dawkins,Kyle Lowry,#IDontNeedYourPermissionTo,Richard Dawkins,#LGBTQProud,#PIT4BUSCH,#7TRACKLIST,Tom Cotton,Tiffany Haddish,#NXTTakeOver
52,John Oliver,#RTXOn,#MondayMotivation,#PresidentsDay,#PresidentWarren,The Varsity,#Pit4Busch,#RandomActsOfKindnessDay,Kyle Lowry,#HappyBirthdayJhope,#CHEMUN,#BreakFreePersona,#NBAAllStarGame,#ObamaWasBetterAtEverything,Giroud
53,#LoseAnArgumentIn3Words,#NationalDrinkWineDay,#TuesdayThoughts,Boy Scouts,Kaitlin Bennett,Aubrey Huff,Blago,Boosie,Logan Act,Good Times,Faulkner,#EverBeenSoDrunkYou,Reggie Jackson,#IDoThisStrangeThingWhere,Lovers & Friends
54,#WednesdayWisdom,Assange,George Zimmerman,The Exorcist,After Hours,Pop Smoke,Jeepers Creepers,#AlwaysWithACE,Wizard of Oz,#NeoZone_MiniTracks1,#AskBloomberg,5 BTS,The Birds,Watership Down,Democracy Dies in Darkness
55,#LoveYourPetDay,#OnlyBernie,#PresidentElizabethWarren,David Ortiz,#PBPitch,#HappyBirthdayRihanna,#stopbullying,Ether,#KurtCobain,Superdelegates,Find My Mobile,#MOTS7isComing,#ONchallenge,Big Papi,Quaden
56,#BTSComeback2020,#QuadenBayles,#TrumpIsARussianAsset,Troy Daniels,#RussianInterference,Inner Child,Paul Ryan,Laila Ali,#DMC5Anniversary,Kase,Nina Simone,#FridayThoughts,Backes,#CloneWars,Filter
57,Democratic Establishment,#NevadaCaucus,#AfterTheSexIsOver,#NationalMargaritaDay,Clint Eastwood,#BernieKnew,#TurnThePartyON,Anderson Cooper,Jayda,Favorite Baseball Player Ever,#CHETOT,Alexis Sky,#SaturdayMorning,Steve Irwin,#TheMauldalorian
58,#MansplainingIn5Words,#SundayThoughts,B. Smith,Susan Sarandon,BTS GAME,Anthony Joshua,Tatum,#neveraloneLGBTQ,Wilder,#Pennzoil400,House of Anubis,#WeLoveYouJin,Marianne Williamson,D Smoke,Celtics
59,#KobeFarewell,#WeLoveYouBTS,Cubans,Katherine Johnson,Castro,#JinOurMoon,#MondayMotivation,#TwinPeaksDay,Chuck Bass,Bradley Beal,#WhatIThinkIn5Words,#NHLTradeDeadline,Flint,Nudy,Taj Mahal
60,Pretty Ricky,Hot Pockets,Tina Fey,Dick Pound,#FatTuesday,#COVIDー19,#BTSonFallon,Curry House,Grossi,#AddAWordRuinATVShow,#BisexualMenExist,Bob Iger,#EatTheRich,Acosta,#ThingsIUsedToLikeButDontNow
61,Gabriel Fernandez,Ann Coulter,Red Vines,Happy Birthday Adam,#coronavirususa,#BTSCarpoolTONIGHT,Maria Sharapova,Harryween,Russian TV,#IWantALittleCaesarsBoxSeat,Caruso,#JohnnyCash,Stanton,Clive Cussler,Molson Coors
62,#TrumpVirus,#PokemonDay,#loveisblindfinale,YouTube TV,#WWESSD,#TheManMusicVideo,Saint Lil Ron,#ONVIDEOPARTY,Gabriel Fernandez,#HelloHanbinIsFree,Best Concert,UC Davis,#GetWellSoonJongho,Jordan Peele,Goldberg
63,G Herbo,38% of Americans,Emotionally Scarred,#YtBring67MBack,#TrumpLiesAboutCoronavirus,#YHLQMDLG,#StockMarketCrash2020,#StupidLove,Barry Sanders,#FridayFeeling,Happiness Over Everything,Huckabee,Mulvaney,Freeman Dyson,Lil Baby
64,#hoax,#LeapDay,#GetWellSoonYoongi,#BeforeWeHaveSexWeShould,Juvenile,#SCprimary2020,#HBDtoWONHO,#IfTwitterEndedTomorrow,Shallow Hal,Taliban,Safaera,RIP Trader Joe,Norbes,#SaturdayMorning,Darth
65,#TrumpSlump,David Byrne,Chicago Freestyle,Selma,#DropOutBernie,Favorite Pokemon,New Month,#Coronovirius,#LGBTQpower,#HappyBirthdayJustinBieber,Sampha,#YouSatOnMyFaceBecause,BUT DADDY I LOVE HIM,Song Cry,Happy 3-1
66,#supertuesday2020,Artemis Fowl,#CoronaOutbreak,Valorant,Baby Pluto,#ARMYSelcaDay,#Coronavirusflorida,#PeteToBernie,Jack Welch,Favorite Final Smash,James Lipton,Honey Pot,#BTSWORLDDOMINATION,#MondayMotivation,Jojo Siwa
67,#VoteForBernie,Favorite OST,#SuperTuesday,#Covid_19,Only Fans,Donna Brazile,#nashvillestrong,#CoronaVirusSeattle,#WarrenJobs,Basement East,#WelcomeBackScoups,#IVoted,Randy Orton,American Samoa,Dolan
68,#WednesdayWisdom,Shaun King,#BernieOrBust2020,Hervis Rogers,Warren Democrat,#VoterSuppression,Schumer,San Andreas,#BlackSwan,Alex Trebek,Dixie Chicks,Batmobile,#SuperTuesdayResults,#RIPTwitter,Bo Jackson
69,#loveisblindReunion,#PitMad,#WorldBookDay,Katy Perry,#ThankYouElizabeth,Aaron Schock,#DoctorsSpeakUp,Michael Ian Black,The Wire,Bailey,Team B,#ThursdayThoughts,#AlaskaHappyHour,Rand Paul,Jrue
70,Jhené,#EmployeeAppreciationDay,#FridayThoughts,Hilary Rosen,#CHILOMBO,Captain Hook,Eternal Atake,#SUGA,McCoy Tyner,AR-15,Draymond,Born Tired,Jadakiss,#NeoZoneOUTNOW,Prices
71,#BeBest,Scott Steiner,#WorstWaysToInterruptSex,Erik Prince,Kenny Atkinson,#HellNoJoe,#StupidThingsTrumpHasDone,Mark Jackson,#LakeShow,#DiaperDon,#LetTulsiDebate,#WhereIsJoe,Bill Maher,#TakeCareSeungri,Marnie
72,#InternationalWomensDay,Kate McKinnon,#HappyBirthdayYoongi,#DaylightSavingsTime,#SaidDuringBoardGamesAndSex,#UFC248,Joanna,Avery Bradley,Jesse Jackson,Pat Bev,#WWEChamber,#WhatsOnMySexTape,Jon Jones,Yoel,Da Baby
73,#NationalNappingDay,#CartoonsThatShouldReturn,Sydow,#marketcrash,#COVID2019,Owl Pharaoh,Jamie Dimon,#AddAComedianToAMovie,Taeyeon,Jon Hamm,Kung Flu,Luke Walton,Strange Brew,#LAFCvPHI,#MondayMotivaton
74,#MAR10Day,#BernieSurge,AR-14,Chuck Norris,China Virus,#ThankYouNamjoon,#DemExit,New Rochelle,#TheBachelor,#MattGaetzIsAQuarantinedTool,Trish Regan,#BidensCognitiveDecline,#TuesdayMotivation,#MYTRUTHDOC,#DeleteTheirPhoneNumberIf
75,#WednesdayWisdom,BTS WORLD DOMINATION,Gronk,#WriteinBernie,#CancelEverything,Richard Marx,Harvey Weinstein,University of Dayton,#ByeByeBernie,#WorstPresidentInHistory,#ByeByeTrump,#OnMyBlockS3,Avengers Campus,#OnMyBlock,#E3Cancelled
76,#CoronavirusPandemic,Don Lemon,Earth 2,Katie Porter,#ThursdayMotivation,Tomorrow is Friday the 13th,#TrumptheWorstPresidentEVER,#Covid_19,#SUGASPREE,#CancelEverythingNow,#LOONA1stWin,Chet,77% of Americans,$1.5 Trillion,Donovan Mitchell
77,#coronapocalypse,Jay Electronica,Boomer Remover,#panicbuying,#QuarantineAndChill,#SweetNightOST,Don Toliver,Jack Ma,Yamiche,#AWrittenTestimony,Andrew Gillum,#HeartbreakWeather,Friday the 13th,J A Y E L E C T R O N I C,#FridayThe13th
78,#TrumpIsTheWORSTPresidentEVER,#CoronaVirusUpdates,Matt Colvin,King Lear,40 Republicans,#PiDay,#WheresMitch,#SaturdayThoughts,No Diggity,Sara Jay,#UFCBrasilia,Tinky Winky,#thankyourianjohnson,Frozen 2,Iona
79,#StayTheFHome,#coronapocolypse,Alien Ant Farm,Donald Glover,Vegemite,#ThingsYouSayWhenYouCum,#CancelBiden,#NationalDayOfPrayer,#shutdownNYC,David Fletcher,Downtown Nashville,#SundayMorning,Tannehill,Flynn,Customs
80,#QuarantineLife,Keri Hilson,Diggs,Comet,#원호야사랑해,#BernieWon,July or August,Idris Elba,#stayhomechallenge,Clearing The Air,Texans,Arnold Schwarzenegger,Coronavirus II,Buckner,Marshall Law
81,#ChineseVirus,#StPatricksDay,Randy Johnson,#YangWasRight,#HowYouKnowYouAreBroke,Vanessa Hudgens,Tom Perez,Jameis,#bayarealockdown,Cam Newton,Tom Brady,AITA,Kevin Durant,#ArmyMissesBTS,AFC East
82,Kathy,#WednesdayWisdom,Oprah,#californialockdown,#ReleaseTheButtholeCut,#CLUBTWITTER,Imperial College,#DearBernie,Happy Birthday Mack,#TrumpPandemic,#DropOutBernie,Seth Rogen,KROQ,#TrumpLiedPeopleDied,#HOMEcoming
83,#QuarentineLife,Gal Gadot,Burr,Imagine,Catalina Wine Mixer,#firstdayofspring,#MyQuarantineInSixWords,#WhereIsEgo,Slay,Martha Stewart,#SocialDistanacing,St. Joseph,Gurley,#RespectTheFirstLady,Rio's Christ the Redeemer
84,Feinstein,#CashAppFriday,#FridayThoughts,#CoronaCrisis,Peter Alexander,Blathers,Hawaiian Punch,#AfterHours,55% of Americans,Snowchild,#2020InOneWord,#QuaratineAndChill,#MatchDay2020,#TrumpMeltdown,Bandcamp
85,Kenny Rogers,#KanyeWestIsOverParty,#QuaratineLife,Steve Martin,Omari Hardy,#JeffreeStarApproved,Lake Worth,#StayAtHome,#WhenThisIsAllOver,#ThankYouPresidentTrump,#SaturdayMorning,#VirtualBeyond,Islands in the Stream,Dolly,#OurPresidentBernie
86,Jamal Murray,#COVIDIOT,Childish Gambino,#SundayThoughts,#Option2Bernie,Rand Paul,Zagreb,#ClubQuarantine,Neil Diamond,#ProInvitationalSeries,#TheOcho,Harvey Weinstein,Hobby Lobby,#Always_My_Light_Yunho,Stephen Sondheim
87,#NationalPuppyDay,Iron Man 3,#MondayMorning,#DemocratsAreDestroyingAmerica,Vin Scully,What 15,#BailOutPeopleNotCorporations,$500 Billion,TOXICITY CHECK,#OliLondonDeactivatedParty,Dick Pound,Jamal Adams,#poopchallenge,#LockdownNow,#NancyChokesWhilePeopleGoBroke
88,#NotDying4WallStreet,#CoronavirusLockdown,Kennedy Center,FISH TANK CLEANER,#StayAtHomeOrder,#Hantavirus,#KimKardashianIsOverParty,Kirstie Alley,Texas Lt,Easter,#TuesdayThoughts,Liberty University,#ReopenAmerica,Manu Dibango,#LearnKoreanWithBTS
89,Stuart Gordon,Prince Charles,Karl-Anthony Towns,Until Tomorrow,Jackson Browne,#WednesdayThoughts,#StimulusPlan,#EasterMassacre,#IBelieveTara,#TrumpMadness,#FreeJamesWoods,Mr. Mamas,#Wildflower,#IKnewIHadCabinFeverWhen,Swizz
90,#OpeningDayAtHome,Congratulations America,Triscuits,#ThursdayMotivation,ARMS,#ThankYouBernie,Vince Young,Curly Neal,Kathy Griffin,Jon Jones,Howard University,#PayItForwardLIVE,Xenoblade,#StayHomeBands,Spring Man
91,#CoronaLockdown,Jeezy,Massie,42 Dugg,#KickIt1stwin,Hoda,Savage Anthem,#TimesUpBiden,#FutureNostalgia,John Kerry,Bob Dylan,Doris,#ImAwakeThisLateBecause,Bad Bunny,Rihanna
92,#StayAtHomeAndStaySafe,Joseph Lowery,#TrumpGenocide,#ICanNotDieBefore,Anuel,Happy 3-28,#SaturdayMorning,Reggie Bush,Dan Schneider,David Geffen,John Barron,Sean Garrett,Bobby Boucher,Honey Buns,#SafeSexTipsDuringQuarantine
93,PPE to China,Nier,#SideEffectsOfQuarantineLife,#SundayMorning,#WhenCoronaVirusIsOver,Judge Jeanine,Brown Sugar Cinnamon,Automata,Oakland Coliseum,#LGBTQuarantine,Murphy Lee,Joe Diffie,#UniteWithBernie,All Love,Worst Stadium
94,#NoMoreDreamIsComing,#NationalDoctorsDay,#Coronavirustruth,Adonis,Quincy Jones,#MondayMotivation,#SomeGoodNews,My Pillow,Paper Mario,#WeLoveYamiche,Khabib,#LETSLOVESUHO,No Russian,Seoul,Johnson & Johnson
95,#TransDayOfVisibility,#TuesdayThoughts,Jack Black,RIP NIP,#QuarantineAMovie,#Selena25,#heautifulharries,#TheMarathonContinues,Empire State Building,Long Live Nip,#suitornosuit,Tannie,#talkwithbright,Jason Lee,Greg Peppers
96,April Fools,Scott Storch,Herman Boone,Mannie,#CensusDay,#clustertrump,Uncle Howie,Whoopi,Gordon Bombay,#WednesdayWisdom,Happy 420,Zipper,Tower of God,Ina Garten,Jeffree
97,#COVID19Pandemic,Dr. Desai,#WorldAutismAwarenessDay,#istandwiththepresident,Katt Williams,#TakeYourselfHome,#TrumpOwnsEveryDeath,#FreeFoleyVideo,Ed Farmer,Quavo,Alex Russo,Stacey Abrams,O Lord God,#ThursdayMotivation,#Always_Our_Star_Seonghwa
98,Venom,Rod Wave,Frank Ocean,Taylor Allderdice,Toosie Slide,#KushnerIsAnIdiot,Dear April,Dear Rest of the World,Rex Ryan,Bill Withers,#WakeUpSunshine,Thundercat,#FridayFeeling,Captain Crozier,#LaCasaDePapel4
99,Zoey 101,Dear Canada,Shaun King,Michael Atkinson,#PandemicSexTapeTitles,#OnePlus8Series,#GeneralConference,#DescribeTigerKingIn5Words,Joe Rogan,Delroy Lindo,#FoxNewsLiedAsPeopleDied,Drita,#SaturdayThoughts,Jessica Alba,Inspector General
100,Tom Dempsey,#HollywoodJustFoundOut,Jackboy,#billboardcountthe10k,New Year's Day,Palm Sunday,Kodak,#KurtCobain,#TrumpIsALoser,Pablo Sanchez,#70days,#FirstContactDay,Domingo de Ramos,#2YearsWithEuphoria,Travis Porter
101,#ARMYSelcaDay,Ezra Miller,#NationalStudentAthleteDay,Kim Possible,#MondayMorning,Jada Fire,Al Kaline,Novartis,Pulp Fiction,Remember the Titans,Boris Johnson,Jill Biden,Modly,Space Jam,Alison Wonderland
102,#NationalBeerDay,#WorldHealthDay,#TuesdayThoughts,Steak-umm,John Lewis,Sanofi,#WisconsinPrimary,Veronica Mars,#SchittsFinale,#MyFirstJobIn3Words,Gossip Girl,Tracy Morgan,#AvengersEndgame,Casino Royale,Mike Gundy
103,Happy Passover,#snapchatdown,#PandemicIn5Words,Dino Thunder,#WednesdayWisdom,Linda Tripp,#Midnight,#nickatnite,#HottiesAtHome,Lemonade Mouth,Lyanno,John Prine,#DemExit,#RexManningDay,Allen Garfield
104,Fusion Reborn,#WhyIDidntReport,Bill O'Reilly,RIP Lonnie,Purple Reign,#WynonnaEarp,Mort Drucker,Start KD,#NCTzenSelcaDay,Cinnabon,#ThursdayThoughts,#MiLBAtHomeOpener,John McCain,#BANGBANGCON,Scott Steiner
105,#NationalSiblingsDay,#AccurateTrump2020Slogans,Hart Island,Bound 2,#TrumpBurialPits,Good Friday,The Strokes,Tompa Bay,#SaveThePostOffice,Gobert,#cashappinbio,Penthouse Red,#finalfantasy7remake,D Will,Big Mama
106,#NationalPetDay,Happy Birthday Brandon,Lilo,#WhyImNotVotingForJoe,4 Albums,Dallas Clark,Bill Maher,#OPENAMERICANOW,#trumpcovidfails,#ImpoliteThingsToDoAfterSex,Adam Sandler,Talladega Nights,Brian McKnight,Colby Cave,#Caturday
107,#RipFortnite,Happy Easter,#SNLAtHome,Chris Wallace,#BloodOnHisHandsHannity,He is Risen,#ThankYouEpicGames,#LGBTQsungay,Fall 2021,Zeds Dead,Beverly Cleary,Presidential Disaster,Code Veronica,HORSE,Chris Tucker
108,#FireTrump,#1DOnlineConcertStayAtHome,Kyle Larson,Chattanooga,#Stimulusdeposit,Dune,PG Era,Lizzo,#dojacatisoverparty,Ja Rule,#QuarantineATVShow,Bill Bennett,#MambaDay,#MondayMotivaton,#BTS_OF_THE_DAY
109,#PortfolioDay,Mama Coco,#TuesdayThoughts,#WrestlingTwitterAfterDark,#DictatorTrump,Dr. Henderson,Tarzan,Captain Bligh,Spider-Man 2,#mattiaisoverparty,Happy Birthday Zayla,#KingTrump,#How2020CouldGetWorse,Bruno Pluto,Epcot
110,Trump,Browns,#WednesdayWisdom,Apple,Snapchat,Lansing,yoongi,#NationalAnimeDay,Republicans,#stimuluspayment,Democrats,America,#ObamaCommencement2020,COVID-1,Rusev
111,Purple Reign,Dennis Miller,National Horny Day,Jhene,Keiji Fujiwara,#MeAt20,#thursdaymorning,#catsjudgingkellyanne,Living On Valued Energy,Brian Dennehy,Carti,#DrOz,Joji,#DisneyAfterMidnight,Fink
112,Fiona Apple,Dr. Phil,Richard Dawson,David Brooks,DaBaby,#blackAF,dvsn,#BatAppreciationDay,#MYLOVE,Marah,Westside Gunn,namjoon,#TooHotToHandle,#DemiLovatoIsOverParty,Ashanti
113,Rosa Parks,Klay,#TogetherAtHome,Babyface,#FloridaMorons,#BieberVirtualConcert,#TwitterFoodBank,President God,#SaturdayMorning,Brookfield,#BANGBANGCON,#ThankYouBTS,TV Azteca,#GlobalCitizen,RUDE and NASTY
114,#TheLastDance,Daisy Mae,#BANGBANGCON_D2,Piers Morgan,Neiman Marcus,#sundayvibes,jacob whitesides,#SundayMorning,Blue Ivy,#WhyWeHadAngrySex,#itstheLGBTQ,#okcbombing,King of Ventilators,Cheez-Its,Blueface
115,Happy 420,#420day,Shake Shack,#TrumpCoronavirusTestFailure,#OilPrice,Go to China,joe keery,Land Free,Big Time Rush,#MondayMotivation,Kemp,Harrisburg,Yannick,#QuarantineQuotes,Stop Airing Trump's Briefings
116,Stanley Tucci,#RIPPrince,5 Perfect Movies,#tuesdayvibes,#JoeBidenTVShow,Smino,Robert Smith,#FivePerfectMovies,#QueenElizabeth,Chargers,Kim Jong Un,Oktoberfest,Farrah,#NationalTeaDay,The Shawshank Redemption
117,French Montana,#EarthDay,Anderson Cooper,#shawnmendesisoverparty,Big Poppa,Dr. Bright,Isaiah Rashad,Scarlet Witch,#TWUG,#DVpit,#ApologizetoKaachi,Inglewood,Percy Harvin,BLACKPINK,Red Sox
118,#WorldBookDay,Draft Day,Ramadan Mubarak,Jesse Ventura,#kpopisoverparty,Juggalos,Fantano,Central Americans,#psndown,Clarissa,Senator Warren,Alex Trebek,Imogen,Maude,#brendonurieisoverparty
119,Lysol,#TrumpIsNotADoctor,Bank of China,#disinfectant,#CongressPassUBI,Jackboy,Velveteen Dream,#FlashbackFriday,#FridayFeeling,#ArborDay,#POCArmyBlockParty,The Onion,Creamy,K Camp,Kali Uchis
120,#DropOutBiden,#KIMJONGUNDEAD,Alinity,Drita,Pauly D,Regina Hall,#AlPacino,KJ Hill,UDFA,Bryce Hall,#SaturdayThoughts,#campingworld,Scream 3,Biologically,Joe Staley
121,#OddPlacesIHadSexIn,#LesbianVisibilityDay,#sundayvibes,#AlienDay,Brad Pitt,Django,Kim Yo Jong,#SNLAtHome,#AvengersEndgame,#spermiesgoingtojailparty,Orcs,Jameis,Land O Lakes,Nobel,Matt Bomer
122,#MondayMotivation,Naughty Dog,Aaron Gordon,UFOs,FAKE PRESIDENT,Hope Hicks,#QuarantineABook,#RespectBTSV,#MayThe4th,Barter 6,Bill Simmons,#LockdownEnd,#ThingsRichPeopleBuy,Howard Stern,#BernieComeBack
123,#NationalSuperheroDay,#tuesdayvibes,Minnie,#AliensExist,Dustin Colquitt,Jeff Flake,The Boxer,#aliensarereal,UFOs,Burke,Economic Intercourse,#ListenToYourHeart,Mayo Clinic,Dunkey,#opencalifornianow
124,Amash,K.I.D.S,#WednesdayWisdom,#InternationalDanceDay,#SM_이태용_지켜,Fire & Desire,jongdae,#AskAGBarr,Irrfan Khan,#DoNotOpenCalifornia,#PenceIsAnIdiot,Elon Musk,Beyoncé,Ben Shapiro,Ross Perot
125,Chris Hayes,debby ryan,#heautifulharries,Brian Williams,Andy Dalton,#COVID__19,#RishiKapoor,#ThursdayThoughts,Karen Pence,Joe Biden is Joe Biden,Hercules,Flynn,Muses,Yung Bleu,Uncle Phil
126,Happy Birthday Gigi,#IBelieveBiden,Alex Jones,Jill Scott,#Order66,Bandcamp,#MayDay,Huntington Beach,Drake,New Month,#twittervskpop,Chicago Freestyle,Rubi Rose,#MentalHealthAwarenessMonth,Mika
127,Murder Hornets,#IAmGettingSoTiredOf,Zoe Baird,Wale,#worldnakedgardeningday,Illinois Nazis,Johnny Test,Ponce,Age of Ultron,#TheTitleOfTrumpsMemoir,NAMGI,Caren,Derby Day,President Bush,#LOCKDOWN2020
128,Nintendo 64,Killmonger,#GoJoe,#sundayvibes,Christine O'Donnell,#WorldPressFreedomDay,#quarantinedLGBTQ,#TheLastTimeIHadMakeupSex,#WayV_BeyondLIVE,Blue Lives Matter,taeil,Bad Bunny,Kudlow,Huncho Jack,Mariano
129,#MayThe4thBeWithYou,Don Lemon,junmyeon,Don Shula,#TeacherAppreciationWeek,Ruby Woo,suho,#Westworld,#MondayMotivation,#GetWellSoonShownu,May the Fourth,Molly,Rancho Cucamonga,#ASTRO,#MidnightSun
130,X Æ A-12,#TeacherAppreciationDay,Slime & B,#AhmaudArbery,Kurt Loder,#RevengeOfTheFifth,#GivingTuesdayNow,Happy Cinco de Mayo,Tyra,#CincodeMayo2020,Honeywell,#SongsThatDescribe2020,#COLOURPOPCELEBRATES,taekook,Donna Reed
131,Adele,#NationalNursesDay,#WhenTrumpIsOutOfOffice,Marsha,#becomingnetflix,Live and Let Die,#JusticeForAhmaud,ansel,Start Magic,jaehyun,#IUxSUGA,#wednesdaymorning,Robocop,Grandma Killer,SR-71
132,Earl Thomas,Jason Whitlock,Praying Mantis,#AhmaudAubrey,#SeanReed,Death Star,Cookie Crisp,#nflschedulerelease,Megyn Kelly,Souplantation,#NationalDayOfPrayer,#supermoon,#ThursdayThoughts,#InsideXbox,Neiman Marcus
133,King Bach,#TrumpDepression,6ix9ine,Kehlani,Jesus is the Christ,#IWGUIW,#IrunwithMaud,#VEDay75,Inuyasha,#brockhamptonisoverparty,Brandon Roy,#STUCKWITHU,Durk,Stephen Miller,#ItWasGoodUntilItWasnt
134,Andre Harrell,#DonaldTrumpIsTheTypeOfGuy,Little Richard,HDMI 1,#SecretSky,Charlamagne,Jamal Crawford,Guy Fieri,Tony Gwynn,Jamie Foxx,#NCTzenSelcaDay,Alison Roman,#GokuDay2020,#BTSxCottonBowl_D1,#CaptainKirkNeverSaid
135,#ObamaGate,SCAD,#TrumpsJealousOfObama,Betty Wright,Madres,Bad Bunny,August Alsina,MILFs,#LGBTQgang,Doge 2,Mother's Day,#MITB,Desi Perkins,Mothers Day,Castle Rock
136,Jerry Stiller,Joji,#Chimesweeps,#multisareoverparty,Dave Grohl,Ask China,Aragorn,Yoko Ono,#Keem,#TrumpMeltdown,Corey,#MondayMotivation,Serenity Now,Billboard Hot 100,#WWERaw
137,Mary Mary,Stormi,#Etika30,#tuesdayvibes,Rand Paul,#HS1turns3,Watch the Throne,#MoscowMitchMcConnell,#NOalNuevoCodigoCivil,Tony Hawk,Section 80,#JeffreeStarApproved,LA County,Bryan Adams,Robert Pattinson
138,#kpopstansareoverparty,#3moremonths,#SubpoenaObama,Boosie,#wednesdaymorning,Khloe,kcon,#WatermelonSugar,#StevieWonder,#SHINeePavedTheWay,Pepe Aguilar,Red Lobster,Hip Hop Harry,Stevie Wonder,Unreal Engine 5
139,Burr,#RIPAmerica,Blake Snell,Safaera,Scarface,#OBAMAGATEGATE,Percy Jackson,Paper Mario,Diane Keaton,Jeff Bezos,Dr. Bright,hobi,Maxo,Skullgirls,jongdae
140,#TrumpHasNoPlan,#AvatarTheLastAirbender,Bob Watson,Space Force,Katara,Giphy,Polo G,Will Smith,Operation Warp Speed,Super Duper Missile,#FlashbackFriday,Tiffany Haddish,Halle,#fridaymorning,#apush
141,#ObamaCommencement2020,#lastnormalphoto,Sorry Robert,State Department,#ArmedForcesDay,Channing Frye,#LivePD,Zeds,#crematedpalette,#DragRace,#TheLastDriveIn,Fred Willard,Baby Nut,#VirtualRaveAThon,Katara
142,#WatermelonSugar,Kevin Gates,#ObamaWasBetterAtEverything,#NCT127_BeyondLIVE,Eric Trump,Usher,#DrivingRelief,YUTA,Don Diablo,Barboza,#NASCARIsBack,yunho,Kaskade,Walt Harris,TAEIL
143,Eddie Haskell,Shad,#InternationalMuseumDay,Karl Rove,#Hydroxychloroquine,Moderna,#MondayMotivation,Scream 5,Mount St. Helens,Chuck E. Cheese,harry styles,Ronan Farrow,Meghan McCain,Haitian Flag Day,Pauly D
144,#PresidentPlump,#TMobileTuesdays,Pier 1,jojo siwa,Tison,Roger Ailes,Ravi Zacharias,Matt Lauer,Annie Glenn,Directv,Malcolm X,Florida's COVID-19,#morbidlyobese,30gb,The Wood
145,Obama Runtz,#NationalRescueDogDay,Midland,Sears Tower,Paul Pierce,KROQ,APPLICATIONS,#RIPShadGaspard,PETA,#WednesdayWisdom,#darksideofthering,Hump Day,#APLang,Touch It,#WorldBeeDay
146,Lana,Klobuchar,Westgate,WE LOVE YOU LIAM,#TrumpDeathToll95K,Parallel Universe,#AGUSTD2ISCOMING,Terrance Howard,Lakers in 4,#PitDark,Kyle Busch,Open Skies,Lori Loughlin,#ThursdayThoughts,The End of Meat Is Here
147,#YouAintBlack,Puppy Chow,#JoeBidenIsARacist,#noacf,Quavo,WE LOVE YOU NIALL,#MemorialDayWeekend,10th Amendment,#AGUSTD2,#RainOnMe,#WorldGothDay,Gunna,Jerry Sloan,Tim Scott,Flacco
148,Eid Mubarak,#RIPHanaKimura,WE LOVE YOU HARRY,#IfIWorkedAtDunderMifflin,Sessions,Creek,Tamia,Hillary Duff,Pier 45,Pottery Barn,Neera,#SaturdayMorning,Henry Winkler,#WorldTurtleDay,#JoeBidenIsRacist
149,#WeAreSorryDoja,#memorialdayweekend2020,Lake of the Ozarks,Marty Byrde,#TheMatch,Ayesha Curry,#AtKarensGarageSale,Ann Coulter,WE LOVE YOU ZAYN,#TrumpGolfsYouDie,Eddie Sutton,Namjin,#ImWithHer,#CocaCola600,#JusticeForJacob
150,#MakeSolo2Happen,WE LOVE YOU 1D,Uncut Gems,Jimmy Cobb,#Cyberpunk2077Sweepstakes,#HumanCapitalStock,#MemorialDay,Doral,gowon,Dave Chappelle,Staten Island,Amy Cooper,Happy,baekhyun,Brian's Song
151,Jayda,Shaun King,#jimmyfallonisoverparty,#AmyCooper,#GeorgeFloyd,Talcum X,#TakeTrumpOffTwitter,#JusticeForCarolyn,#MONSTAX_FANTASIA,Administrative,Gary Bettman,#GoodGuyKeem,Stanley Ho,Christian Cooper,Koya
152,Kathy Griffin,#AllLivesMatter,#WednesdayWisdom,#LaunchAmerica,John Boyega,#HBOMax,HBO Max,#BurgerKingIsOverParty,Recon Expert,Geraldo,Larry Kramer,Kulture,#JusticeForGeorgeFloyd,Oscar Isaac,jungwoo
153,#minneapolisriots,Target,#NationalHamburgerDay,Chris Smoove,#BlackLivesMater,Boston Tea Party,#RichMitch,#DeleteFacebook,Shameik,She's 30,Scott Baio,Miles Morales,Looting,Matched,#SourCandy
154,Van Jones,#donaldisoverparty,#RAISETHEDEGREE,#FridayThoughts,THUGS,Omar Jimenez,#MinneapolisRiot,Planet of the Apes,#BlackLivesMater,Mod Pizza,World Health Organization,#Minneapolisprotests,The CNN,George Wallace,David Price
155,#BLACK_LIVES_MATTER,#riots2020,Amish,Killer Mike,#TrumpResignNow,Buckhead,Icebox,Desi,JROTC,Deep Ellum,Hitler Youth,DTLA,Dior,Antifa,#BlacklivesMaters
156,#protests2020,Jake Paul,Anonymous,Bratz,John Cusack,B Simone,La Mesa,Santa Ana,#Anonymous,SWORD,Telemundo,Naomi Campbell,Camden,Round Two,V for Vendetta
157,Virgil,#BunkerBoy,#PRIDE2020,Tom Cotton,Van Nuys,Tokyo Jetz,#dcblackout,#VoteOutHate,David McAtee,San Bernardino,Santana,Ebola,New Month,#AmericaOrTrump,Infowars
158,#BlackOutTuesday,#TrumpDictatorship,2 Virgils,#WendysIsOverParty,#BlackLivesMattter,Scott Walker,#whyididntreport,Guts,#whydidntireport,GO VOTE,Wes Unseld,#DeleteFacebookNow,Lea Michele,#TrumpOut2020,Pat Robertson
159,Dominicans,Drew Brees,Trina,Juan Ramirez,#WhiteLivesMatter,#8cantwait,Steve King,Ella Jones,Logan Paul,Esper,#AmericaConTrump,John Boyega,Merrick,Game Gear,Tom Cotton
160,Vidor,Norvell,#BLUEFALL,#PitMad,#EXPOSEANTIFA,Jake Fromm,#HisnameisJustinHowell,Laura Ingraham,#DrewBreesIsCancelled,Sean Monterrosa,Bari Weiss,Herman Munster,Trish Stratus,#GeorgeFloydMemorial,#WhiteLifeMatter
161,#babygate,#PoliceBrutalityPandemic,He's 75,Third Amendment,Lady G,King Bach,Happy Birthday Breonna Taylor,#fridaymorning,#NationalDonutDay,#WearOrange,Jollibee,#SayHerName,Skai Jackson,Denny,#13ReasonsWhy
162,#BlackLivesMattters,Barron Trump,ATTACK AND DETHRONE GOD,#DDay,#LadyGraham,Golden Gate Bridge,#FoxNewsisRacist,Cucker Tarlson,#13reasonswhyseason4,Lancôme,#SaturdayMorning,Lowe,Weather Underground,#Destiny2,Joseph Campbell
163,#STFUHillary,#ByeIvanka,Colin Powell,Ben Carson,Elmer Fudd,Akon,Avatar 2,#KeepTexasRed,Tom Arnold,Reche Caldwell,Mesopotamia,#NationalCancerSurvivorsDay,#ForTheFarmers,Mark Wahlberg,#IStandWithJKRowling
164,#WorldOceansDay,Dan Bilzerian,#NationalBestFriendsDay,Shrek 2,Goth IHOP,John Oliver,Kente,#TrumpRecession,#WhatMenCanDoForWomen,Sohla,38% of Americans,#AnthonyBourdain,#mondaythoughts,Malik Monk,Bonnie Pointer
165,Robin Williams,Cantu,B Simone,#BillandTedDay,Chester Bennington,#tuesdayvibes,Mike O'Meara,#VoterSuppression,OANN,Miss Hitler,Paul Walker,Henry Winkler,Kemp,#JFKJRRETURN,Papa Mochi
166,Gone With the Wind,#PlayStation5,Leaving Las Vegas,Teena Marie,Song of the South,GWTW,#wednesdaymorning,Twister 2,Cracker Barrel,27% of Americans,Lizzo,#WhatIRememberFrom2019,Reggie Bush,Coachella,#dylanwasframed
167,American Taliban,Cognac Queen,Ray Ciccarelli,#PS5Reveal,Kit Kat,#JohnKrasinskiIsOverParty,#thursdaymorning,#ChokeholdMitch,84 GB,Jefferson Davis,Bratz,Stooped,Terrence J,S.S.,Vanessa Bryant
168,Dave Chappelle,#JusticeforRobertFuller,Lil Baby,Pulse,#UglyPresident,Kyrie,Shaman King,#UngodlyHour,The Eyes of Texas,#fridaymorning,Chuck Wendig,Bell,Halle,George Washington Carver,#7ToEternityWithBTS
169,Pat Tillman,#SexGoneWrongIn5Words,Spongebob,West Point,#RayshardBrooks,#HappyBirthdayChrisEvans,#idontfeelracist,#ExposeBillGates,Lemonade Mouth,Gays for Trump,Yankees,Lil Snupe,Lisa Alexander,#RIPRobertFuller,#KarensGoneWild
170,#AllBirthdaysMatter,#ObamaDayJune14th,#BangBangConTheLive,#FlagDay,Newt,Gen Z,#WWEBacklash,#SheRaMovie,Ron Perlman,#ObamaAppreciationDay,Wendy,Meek,Birks,#TrumpIsNotWell,Momentum
171,#JusticeForToyin,Gundy,#MondayMotivation,T-Mobile,Rob Manfred,Karter,Gorsuch,#WeakPresident,Kavanaugh,Supreme Court,Chuba,HOW CRAZY,Hellboy,#fortniteevent,Ted Cruz
172,Shake Shack,#tuesdayvibes,Lecrae,#madisonbeerisoverparty,#TupacShakur,Megan Fox,35 MILLION,White Blessing,AIDS,Tim Kaine,The Federalist,New Mexico Civil Guard,#TrumpPressConference,Van Jones,Greg Abbott
173,Aunt Jemima,J Cole,McMuffin,#GOPCowards,#StarTrekUnitedGives,Bolton,#fortniteseason3,victor,Pokemon Snap,#NationalMascotDay,#1DOnlineConcertStayAtHome,Chris D'Elia,David Luiz,Belle Delphine,#MrIglesias
174,Beethoven,#ThursdayThoughts,RIP X,Nestor,#RIPTacoBell,DACA,#1DConcertOnlineStayAtHome,Sharpay,America,Kulture,#BlueFlu,Toy Story 3,Republican,Vera Lynn,Jamal Adams
175,America,Republican,Teyana,Juneteenth,ansel elgort,#JOYCONBOYZFOREVER,#TheLastofUsPartII,Tee Grizzley,Vicky,#TrumpRallyTulsa,Pogba,Ian Holm,Moundsville,Wale,#JUNETEENTH2020
176,Barr,City Girls,Joe Rogan,Lenin,Grant,Connie,Animal Control,Chadwick,#SexDoneRightIn5Words,#IfCovidNeverHappened,Beyoncé,Albert Pike,#TrumpsCoronavirusRally,#UFCVegas3,Deadpool 3
177,Father's Day,Pizza Hut,#tiktokteens,#TrumpRallyFail,Shane,#GirlDad,Tom Petty,#EveryonesLaughingAtYouDonald,Dads,Death Star,#ThankYouTaker,Pat Tillman,#JuneisforLGBTQ,Brad,Jayda
178,Mixer,NASCAR,Ja Rule,#MondayMotivation,#PRETTYMUCHISOVERPARTY,#IStandWithBubba,January to June,ARMS,Shaun King,The Fonz,Jussie,Min Min,Henry Winkler,#TheChi,Hamilton
179,Mel Gibson,#BreonnaTalyor,#TMobileTuesdays,Andrew Jackson,Bill Simmons,Christianity,Mia Khalifa,#CancelKimmel,Rihanna,Karlos,#Suicide,#TuesdayThoughts,Maggie,Eddie Winslow,Ron Jeremy
180,Parler,Tom Joyner,Flynn,6lack,Meek,American Dream,French Revolution,#WearADamnMask,Avery Bradley,Mark Cuban,Geraldo,taeyong,#TrumpKillsUS,Elsa,#Ask_BLACKPINK
181,#ThursdayThoughts,#11YearsWithOutMichaelJackson,Splash Mountain,Guy Phillips,#JBalvinIsOverParty,#IdRather_ThanVoteForTrump,Vince Carter,Renee,The Chicks,Sammy Hagar,Parler,Big Mouth,#CardiBIsOverParty,Carly Fiorina,Liverpool
182,6lack,Obamacare,Durk,Huey,#FridayThoughts,George Kirby,Pence,Dick Cheney,August Alsina,Kanye,#StayGoldMV,wooyoung,#TrumpIsLosing,Hannity,James Carville
183,#TraitorTrump,Milton Glaser,Shane Dawson,#ByeIvanka,Real Genius,Russia,Dr Disrespect,Putin,#ThenWeStartedHavingSex,#SaturdayMorning,Coach K,#TRE45ON,Jack Posobiec,#DarkNetflix,#TraitorInChief
184,Sacha Baron Cohen,The Villages,#HappyBirthdayMarkiplier,Low IQ,Shane Dawson,Ratcliffe,#TRE45ON,#UFCVegas4,#BETAwards,Mel Brooks,#chasebank,#LGBTQpride2020,#BlackIsKing,Yvonne,Haku
185,#MondayMotivation,St. Louis,Clyde,Iran,Dilbert,AR-15,Van Jones,#TrumpTraitor,Roberts,#PutinsGOP,Gilead,Ken and Karen,Young Curt,Reddit,MS-13
186,#tuesdayvibes,Rand Paul,Tati,Carl Reiner,Ian Desmond,#TrumpKillsFlorida,Hong Kong,Moneybagg,Min Min,Jada,Virgil,#LockUpBryanSinger,Milk Duds,#AmericaStrongerWithBiden,#TrumpKnewAndDidNothing
187,Jada,Bobby Bonilla,#MailedIt,Canada,Dan Patrick,#COVIDー19,#wednesdaymorning,#FixMaddenFranchise,#JusticeForVanessaGuillen,Zion,Roger Ailes,Lone Ranger,Viola Davis,#TrumpKnewAndDidNothing,#PentagonLeak
188,Nairo,#HeWentToJared,Vanilla Ice,Maya Moore,#AllLivesMatters,#thursdaymorning,jonghyun,Reckful,Smash,Lone Ranger,#LetTheMusicPlay,Hyper Scape,#FluffyFunkoPOP,Hugh Downs,Auburn Hills
189,Pop Smoke,Redskins,Hamilton,Karol G,Five Guys,In-N-Out,#HamiltonFilm,Native Americans,#BenedictDonald,44 Bulldog,Happy 4th,#dylanobrienisoverparty,HBCU,#fridaymorning,#PopSmoke
190,#AllCountriesMatter,Happy 4th of July,Happy 4th,4th of July,Independence Day,Joey Chestnut,Kimberly Guilfoyle,Tanaka,Terry,Hamilton,Malia Obama,Neil Young,#FvckTheFourth,Glizzy Gladiator,America
191,Kanye,#sundayvibes,Summer Taylor,First Lady,Kayne,Edgewood,Dear Kevin,JK Rowling,Lightning,Dear Republicans,#TrumpHasNoCredibility,#FreeBritney,wonwoo,#fireworks,#2020Vision
192,Ennio Morricone,#TrumpVirus,Mahomes,NASCAR,Charlie Daniels,Harvard,#ARSD,The Good,Nick Cordero,T.I.,#bubonicplague,Cameron Boyce,#FairTreatmentForGOT7,Frosted Flakes,Jimmy Johns
193,#StudentBan,#BLACKOUTDAY2020,Don Lemon,DeSean Jackson,SATs,#LeaveMeALoan,Klay,Manifest Destiny,Tucker Carlson,Harper,Pusha,#ripellen,jungkook,Skadi,Sky Williams
194,Stephen Jackson,Mary Kay Letourneau,#ripjeffbezos,Birthday Party,#dogecoin,#ThanksToVideoGames,#DreamWithHarry,#wednesdaymorning,Big Time Socialists,#ARMYDAY,Viagra,Brooks Brothers,SahBabii,Denmark,#schoolsreopening
195,Naya Rivera,Bill Nye,#socialistteeth,Goya,Notre Dame,SCOTUS,Grilled,Home Depot,Big Ten,#TrumpMeltdown,Lady Antebellum,Supreme Court,Sabrina,#ThatsWhatImSaiyan,Slovenia
196,Goya,Wayfair,Summer Walker,#SupremeLoser,#PulteDropsBitcoin,Jada,#LLJW,#FridayFeeling,Cudi,Spotify,Walter Reed,Catholic Church,#QUEENOFBROKENHEARTS,Juice WRLD,Bakugan
197,Jill Scott,#UFC251,#entanglement,Disney World,Romney,Roger Stone,#ImpeachTrumpAgain,Palm Springs,McCloskeys,#ProudOfLouis,#harrystylesisoverparty,Jada,#njcup,Jack Charlton,#SaturdayMorning
198,Marlo,Betsy DeVos,#sundayvibes,#NobodyArtistClub,#PardonMeTrump,#JewishPrivilege,#FreeWoj,#PelosiMustGo,#Covid_19,AR-15,Usman,Dubstep,#UFC251,#LGBTQts,Washington Monument
199,Redskins,Chuck Woolery,Kelly Preston,Naya,#MondayMotivation,Chance,Moneybagg,#under1kgang,Rondo,#7yearswithoutcory,#IStandWithFauci,Dr. Fauci,Chargers,mitch rowland,#pissbaby
200,#TMobileTuesdays,MySpace,#ByeDonJr,Cindy Adams,Bari Weiss,#NonBinaryDay,Bronco,#PortfolioDay,#FreeGamingPCFriday,Tory Lanez,Nick Cannon,#FindSomethingNew,#FluffyFunkoPOP,Halo 3,#NationalNudeDay
201,Nick Cannon,T-Pain,Snoop,Ivanka,Hatch Act,#wednesdaymorning,Navarro,#APScores,MS-13,Sessions,Kenny Stills,Semitic,Tory,#TwitchStreamers,#SkyForNamjoon
202,Kemp,Dan Snyder,#TrumpFailedAmerica,Birkin,Quavo,Fatal Affair,Henry Cavill,#ThursdayThoughts,NoCap,#NotMyChild,Hope Hicks,Kendrick,Chris Cuomo,Benedict,Vick
203,Tamar,#NationalTattooDay,#WorldEmojiDay,Drake,Gronk,Tuscan Leather,#fridaymorning,Chris Wallace,#FascistTrump,Caresha,Michael Thomas,C.T. Vivian,Jhene,Gamer Girl,Greece
204,John Lewis,#MTVHottest,Voting Rights Act,#PortlandKidnappings,Marco Rubio,#UFCFightIsland2,Chris Wallace,The PSP,Blue Jays,Arsenal,Sweet Caroline,Linkin Park,Seven Nation Army,#goodtrouble,Edmund Pettus Bridge
205,Adult Swim,#NationalIceCreamDay,Chris Wallace,Hank Hill,#entanglements,#ThankYouHaikyuu,#MTVHottest,Gerald Green,#sundayvibes,Linkin Park,Bill Nye,#JesusMatters,The Last Dance,Negro,#TrumpThreatensAmerica
206,Kanye,Kasich,Mark Cuban,#MondayMotivation,Deutsche Bank,Nicki,Soledad,Rand Paul,China Virus,Pete Davidson,Epstein,#IsAConspiracyTheory,Michael Brooks,Ed Henry,#PopSmoke
207,Tucker,#tuesdayvibes,Liz Cheney,Scott Pilgrim,Korra,Kreayshawn,Yoho,#BoycottMLB,#PrayForYe,Robin Williams,#If2020WereAnAlcoholicDrink,Ernest Hemingway,Dave Chappelle,Kanye,Bill Cosby
208,#10YearsOfOneDirection,Meek,Jeff Bezos,#NationalHotDogDay,Mookie,Bo Bichette,Cory Gunz,Kris Jong-Un,#wednesdaymorning,Snoop,Serbia,42 Dugg,sydney sweeney,Bol Bol,Draya
209,#OpeningDay,#10YearsOfOneDirection,#personwomanmancameratv,Demi Lovato,Trump's America,J Cole,#ImVoting4BidenBecause,Ted Wheeler,Snoop,Taylor Swift,Yankees,#MySummerInSixWords,Kraken,Washington Football Team,#Folklore
210,Flo Milli,#NationalTequilaDay,Paw Patrol,#TheWorstEndingEver,#Folklore,#JoeBidenJob,Chengdu,#fridaymorning,SNKRS,#Folkore,#NoPressure,#ThanksBatfleck,Gase,Selfless,#AmericasGreatestMistake
211,Sinclair,Lake Lanier,Ray Park,#DontDoThisAfterSex,grimes,John Roberts,#WallOfVets,hwasa,#AmericasGreatestMistake,#SaturdayMorning,Marco,Regis,WNBA,Angels,#UFCFightIsland3
212,Usher,#sundayvibes,George Carlin,Jon Voight,Brett Favre,Danny Devitos,John Saxon,Olivia de Havilland,#FreeGamingPC,#chatwithmark,Mike Ditka,Meek,Luigi,AK-47,taemin
213,#GamingConfession,#MondayMotivation,Marlins,Tom Cotton,Nadler,Keenan Allen,#AlwaysProud,#TrumpCantKeepItUp,Rose Garden,Marco,Chris Dodd,shindong,#8yearsofFifthHarmony,Chainsmokers,#NationalNewJerseyDay
214,#ExaBFF,Last Chance U,Barr,Fenty Skin,jungkook,Kimbrel,#rememberplussyknight,Emmy,Chainz,Breitbart,#TuesdayThoughts,Nadler,#WhyIDontLikeTrump,Kodak,Hightower
215,Joe Kelly,Kodak,NYPD,Germany,Paul Rudd,Astros,#NationalChickenWingDay,#SFFpit,#SheGotItRight,#wednesdaymorning,Moesha,Gohmert,#NobodyLikesMe,#FentySkin,Suburban Lifestyle Dream
216,Mahomes,Herman Cain,#NobodyLikesTrump,John Lewis,Lakers,#thursdaymorning,#RHOBH,Zion,#WeWillVote,Santana,JENO,#NBARestartonTNT,Tim Allen,Nuremberg,#UseTheWrongPicture
217,#BlackIsKing,Eid Mubarak,Jim Jordan,Brandy,#SeduceMeIn5Words,Jonathan Isaac,#EpsteinFiles,Lebron,#ImpotusAmericanus,Wawa,#ThankYouGolic,Tomorrow is August,Yandel,Blazers,AAVE
218,#NationalGirlfriendDay,TikTok,Moesha,#SpiderManDay,Tidal,Vine,#SaturdayMorning,Harden,Dear August,New Month,Adele,Mavs,Arsenal,Bibles,#PresidentSnowflake
219,Wilford Brimley,Walter Reed,Raptors,#BillClintonIsAPedo,#sundayvibes,Moesha,Cespedes,James Baldwin,Ware State Prison,#FreeGamingPC,#asknasa,#TrumpHasNoPlan,#BTS_Dynamite,Kyle Lowry,#RHOP
220,#ARSD,Astroworld,#WomenAgainstTrump,#MondayMotivation,#ReactionTimeTest,Microsoft,#WatermelonSugarDay,#ReplaceEllen,The Rock,Sony,Frorida,#ElPasoStrong,Barron,#UnverifyAndyNgo,Aubrey
221,Axios,#TMobileTuesdays,Beirut,Lebanon,Swan,Bobby Shmurda,Yosemite,#ARMY_apologize,Barron,Aurora PD,Happy Birthday Mr. President,SHUT YOUR MOUTH,#whereismarcus,George Floyd,#RawUnderground
222,#NoComradesUnder1k,Cori Bush,My Headphones,Melo,Oprah,Stimpy,Sally Yates,#beautifullybisexual,Medicaid,#TrumpTheSnake,Reels,#DonaldTrumpIn5Words,Pete Hamill,Jake Paul,#LincolnVoter
223,#RevealYourAgeWithoutNumbers,Zelda,The NRA,Thighland,High Fidelity,#BB22,Chris Taylor,#thursdaymorning,Deutsche Bank,Lucille Ball,#kpopstansareoverparty,#ExaARMY,#NoComradesUnder1k,Letitia James,Clinton Foundation
224,Cardi,Kylie,Rod Wave,Phil Collins,#WAPMusicVideo,#fridaymorning,Normani,Saweetie,Suicide Squad,Drake,Hazbin Hotel,Varane,Thighland,WAP,#PurpleHeartDay
225,#InternationalCatDay,Obamacare,Sturgis,#VoteOutRacism,Dame,Alexander Wang,#FluffyFunkoPOP,#VoreDay,Act-Age,Jordyn Woods,#ThingsMorePopularThanTrump,Maureen Dowd,Darkwing Duck,#LetHerSpeak,House 2
226,Social Security,New Zealand,Luka,#sundayvibes,#ThingsICanNoLongerDo,#NationalBookLoversDay,Chuck Todd,apple juice,#My5XMen,Bernie Mac,Simon Cowell,DACA,Azealia,#GISH,Mount Rushmore
227,#WeWantToPlay,NCAA,#IveHadEnoughOf,#MondayMotivation,Ben Shapiro,Gettysburg,Korra,#ChicagoRiots,Smash Mouth,Austin Rivers,#kpophelpdttwt,Jimmy Lai,Big Ten,Mount Rushmore,Scaramucci
228,Kuzma,Lakeith,Ben Shapiro,#tuesdayvibes,WWII,Bol Bol,Bindi Irwin,Mike Trout,#TrumpEvictions,#RussianVaccine,Mikal Bridges,Malia,Kasich,George Conway,Bolton
229,#nastywoman,Shaun King,#wednesdaymorning,kyla,Atalanta,Oh Liz,HAPPY BIRTHDAY DREAM,Alex Jones,Tulsi,Jamaica,Neymar,Bill Maher,Jentucky Fried Chicken,Suburban,#SADistAppreciation
230,Newsweek,#LeftHandersDay,USPS,jikook,Drake Bell,#ProsecuteTrump,kyla,#SayHisName,Herman,Morty,Clayton Bigsby,#IfThisWereThe90s,#ThursdayThoughts,Israel,#AgentsofSHIELD
231,Drake,Dolph,Annabelle,Barca,#FridayFeeling,#CancelNetflixATLALiveAction,USPS,#GeneralStrike,James Woods,Morgan Wallen,Banda MS,Levert,Dave East,Bulls,#MidnightSky
232,Genghis Khan,Kissanime,NYPD,#BidenHarrisLandslide2020,#ByeHannity,TOH SPOILERS,Nipsey,Nirvana,#UFC252,Happy Birthday Nip,PG&E,#ElAmorNosUne,Cupid,#ProtectUSPSwhistleblowers,#ExaARMY
233,Alex Smith,#wrongtrump,Mark Meadows,Snowden,#SundayMorning,Katt Williams,#LGBTQIAofTwitter,Cyhi,#TheChi,#UFC252,Roshi,Cormier,#bucciovertimechallenge,#USPSProtests,Sevilla
234,Death Valley,#iHeartDynamite,#MondayMotivation,Barron,Ben 10,Melania,#NBAPlayoffs,Boehner,#PleaseStopTellingMeTo,Ayesha,Telfar,Tata,#NationalNonprofitDay,#ITZY_NotShy,Rush Limbaugh
235,Tatis,Michelle Obama,#19thAmendment,Susan B. Anthony,#iHeartDay2Contest,Bill Clinton,Anderson Cooper,Bucks,Marco,Luka,#TuesdayThoughts,#DemConvention,Scott Baio,Oculus,Billy Porter
236,Goodyear,#WorldPhotographyDay,Trey Songz,#WAPParty,Laura Loomer,Telfar,#WednesdayWisdom,Paul Pierce,Lakers,#iHeartDay3Contest,Vacaville,MAGA,Blue Lives Matter,#NationalAviationDay,Steph
237,#NationalRadioDay,President Obama,Thom Brennaman,Bannon,Drunk History,Hawaiian Punch,Mavs,#ThursdayThoughts,#TrumpMeltdown,Curt Schilling,Lyft,#freesza,Knicks,Paul George,We Build the Wall
238,Tory,#FreeCodeFridayContest,#FridayFeeling,#everythingmeansnothing,#KingsDisease,Aunt Becky,Lucifer,Mike Milbury,#DirectionersWithArmy,#TheyKnew,Brayden,Fort Hood,Tulsi,Pharrell,Lori Loughlin
239,#AlyssaMilanoIsALie,#DCFanDome,McSally,TOH SPOILERS,Leafy,Pledge of Allegiance,#SaturdayMorning,Scott Cawthon,Luka,Master P,Under God,#Dynamite100M,Rose Garden,Earl Thomas,Bader
240,Kobe,#Indy500,Brandy,Batman,#SundayMorning,Proud Boys,#OneYearOfLover,China Virus,STREAM WALLS,#Dynamite100MViewsIn24Hrs,#UCLfinal,Luka,Paul George,Earl Thomas,#TrumpsVaccineIsALie
241,Jacob Blake,jacob blake,#dejoyhearing,#RNC2020,#blacklivesmatter,winwin,falwell,Kellyanne,felix,#mondaymotivation,#justiceforjacobblake,jim jordan,bun b,#DynamiteBsideMV,HOBI
242,jacob blake,#rnc2020,#blacklivesmatter,falwell,#justiceforjacobblake,#dejoyhearing,#mondaymotivation,hobi,iphone 12,felix,jim jordan,winwin,boosie,kenosha,jerry seinfeld
243,National Dog Day,Messi,Bella Thorne,Bruins,Landon Clifford,Call of Duty Cold War,Camilla Luddington,Bette Midler,Usain Bolt,Enola Holmes,Palantir,Aaliyah,Gigi Hadid,Sean Connery,Milwaukee Bucks
244,Katy Perry,National Dog Day,Call of Duty Cold War,Tucker Carlson,Bruins,Jeff Bezos,Nicole Poturalski,Bette Midler,BMW Championship,Chen Guangcheng,Lord and Taylor,Kristi Noem,Gigi Hadid,Lou Holtz,NBA boycott
245,jacob blake,#rnc2020,#blacklivesmatter,falwell,#justiceforjacobblake,#dejoyhearing,#TrumpFailed,#mondaymotivation,#25KSuperCashAppFriday,hobi,#IStandWithJKRowling,iphone 12,felix,jim jordan,winwin
246,Shaun King,#RIPChadBoseman,#UFCVegas8,Cliff Robinson,#TrumpIsNotWell,Bruins,DO SOMETHING,#SaturdayMorning,Austin Peay,#lpshowact2,Arsenal,Pete Carroll,eBay,ODNI,#MeganTheeStallionLive
247,#TrumpRiots,Patriot Prayer,Celtics,Lakers,#noahbeckisoverparty,#PValley,#SundayMorning,#VMAs,Return of the Mack,Michael Moore,Yannick,Phora,Melo,Indicted,Toonami
248,#TrumpTerrorism,#MondayMotivation,Jamal Murray,Monica,#LovecraftCountry,John Thompson,Adele,Sade,Van Gogh,Tesla,#BTS1onHot100,Fournette,Game 7,#VMAs,Mac Miller
249,zendaya,#TrumpStroke,Sister Sister,#ImVotingForJoe,#pokemonmastersex,Cory Booker,White Hispanic,Westbrook,No Simp September,Dark Shadows,#TuesdayThoughts,New Month,#UltimatePlay,Animal Crossing,Monica
250,Carole Baskin,Kirk Cousins,Kennedy,Ferg,John Boyega,#HappyBirthdayKeanuReeves,David Blaine,#WednesdayWisdom,#MelaniaTapes,No Air,Pelosi,Joe Hiden,82% of Americans,#AnswerUsYoutube,Finn
251,#PitMad,Mario,Mexican Pizza,Harden,Steve Nash,Lakers,#ThursdayThoughts,Silento,Cuomo,Sunshine,#TrumpVirusDeathToll186K,Tom Seaver,Pippen,Jessica Krug,#Covid_19
252,Justin Bieber,Big Sean,Labor Day,#BeyDay,#WeRespectVets,McCain,Doja,Stars and Stripes,#FreeCodeFridayContest,Mulan,Hit Different,#2KDay,#TrumpHatesVeterans,#TrumpHatesOurMilitary,Vietnam
253,Degrassi,Breitbart,Lake Travis,#AEWAllOut,Nikki,Rochester,#Dumbkirk,Mulan,Lakers,#minecraftmanhunt,#TrumpHatesOurVeterans,birther,Sully,#cwspnisoverparty,Jennifer Griffin
254,#PValley,Charlie Sheen,Cohen,Steve Jobs,James Woods,Kawhi,#PowerBook2,Cheesecake Factory,Joe West,Pat Bev,1619 Project,ONE YEAR OF K-12,#AEWAllOut,#ArtistoftheSummer,#SundayMorning
255,Mac Miller,Labor Day,taemin,Hobby Lobby,Chucks,Candace,#DontRemoveYoutubeCCs,Texas Roadhouse,#TrumpVirusDeathToll193K,#that70sshow,#MondayMotivation,Serena,Travis Tritt,#HenryCavillSuperman,#AliensGaveMe
256,Odell,#StarTrekDay,Travis Scott,Series S,#TuesdayThoughts,Coraline,Hyrule Warriors,Cactus Jack,Kawhi,Sturgis,zendaya,jungwoo,woojin,Vienna,Venture Bros
257,#WednesdayWisdom,Rey Kenobi,Nobel Peace Prize,#earthquake,Lebron,Dune,Oscars,Travis Scott,#TrumpKnew,#LakeShow,Canelo,#OregonFires,Rick Moranis,Danny Green,Supreme Court
258,#WorldSuicidePreventionDay,Chiefs,#NFLKickoff,#CancelNetflix,Texans,#TrumpLiedPeopleDied,#ThankYouSupernatural,Braves,Diana Rigg,FOOTBALL IS BACK,Julio Jones,Zelle,james corden,Killer Mike,Raptors
259,#NeverForget,#AllBuildingsMatter,Pledge of Allegiance,Serena,Texans,Bahrain,#TedCruzHasNoBalls,Andy Reid,Bill O'Brien,#ドラクエウォーク,Dead Trollz,#HappyBirthdayNamjoon,YoungBoy,#JoonsQuince,#AmericaNeedsBiden
260,Toots,#NationalVideoGamesDay,Chris Evans,Tulsi,Clemson,Celtics,#UFCVegas10,Notre Dame,#NavidAfkari,Willian,Iowa State,Big 12,Marcus Smart,Florida State,Leeds
261,Compton,John Wall,Westbrook,#BlueLivesMatter,Browns,#FlyEaglesFly,#HappyBirthdayNiall,Jansen,Russ,Brady,#SundayMorning,Saints,Falcons,Coastal Carolina,Bears
262,Venus,George Floyd,#MondayMotivation,Lancaster,Joe Rogan,Steelers,#HereWeGo,#LovecraftCountry,Oracle,Dave Grohl,Ramsey,#StrayKids_BackDoor,Aaron Donald,#heygirlitsmybirthday,Kang
263,#AppleEvent,#HispanicHeritageMonth,Gostkowski,Scientific American,Allen Robinson,Paul Rudd,Jim Cramer,Titans,Kanye,Cardi,Hagrid,Jeudy,#FreeGamingPC,#GoStars,#TheMandalorian
264,Kanye,Holocaust,#TrumpLied200KDied,#HerdMentality,Big Ten,#FoundYouAttractiveUntil,#WednesdayWisdom,Despacito,Maya Moore,#PlayStation5,Clippers,#10milliondreams,Ohio State,#GoBucks,#サーターンサーターン
265,iOS 14,Barr,Chris Rock,Thiago,#ConstitutionDay,#ImVotingForBiden,#911iscoming,#ps5preorder,#TrumpIsALoser,Michael Steele,Steely Dan,Howard Zinn,Amy Dorris,Best Buy,GameStop
266,Van Morrison,#RoshHashanah,Brent,Tyler Childers,Giannis,#NationalCheeseburgerDay,#ILANDTheFinale,Bengals,Cold War,Puerto Rico,#911video,Cornel West,Chubb,TikTok,Brain Dead
267,SCOTUS,Supreme Court,#ios14homescreen,Bronny,#BatmanDay,SBMM,#thankapoliceofficerday,#RIPRBG,Kavanaugh,#UFCVegas11,#earthquake,Tulane,Lindsey Graham,Doug Collins,Oklahoma State
268,Nars,#ios14homescreen,Woodley,Bad Bunny,Diamonds Dancing,Promises,Colby,MySpace,alexa demie,Falcons,Pope,Cowboys,#SignsYouMightBeDreaming,#AskFFT,HAPPY BIRTHDAY KAT
269,Bethesda,Zendaya,#MondayMotivation,21st of September,#WearAMask,#InsteadOfNudesPleaseSend,Mueller,The CDC,Attila the Hun,Raiders,Konami,Quibi,#TrumpKillsPuertoRico,Seahawks,Anarchist Jurisdiction
270,#NationalVoterRegistrationDay,#TMobileTuesdays,#firstdayoffall,Vanessa Bryant,Snapchat,Happy Fall,Don Lemon,Mitt Romney,#TuesdayThoughts,Twizzlers,Raiders,Wells Fargo,Fall Guys Season 2,#animefilter,Jeffree
271,Bagg,#BiVisibilityDay,Wells Fargo,#WednesdayWisdom,Cindy McCain,Hunter Biden,#ThankYouRM,Lakers,AR-15,Kuzma,#BackDoor1stWin,Gale Sayers,Bumble Bee,Rand Paul,#ByeKaleigh
272,Nier,Biden 2020,NWTS,Zlatan,#JBChanceHoly,Tyler Herro,#ThursdayThoughts,zouis,#LindseyGrahamIsLosing,Tuscan Leather,#BreonnaTaylorMatters,U-Haul,Alex Gordon,#VoteHimOut,Tory
273,Tory,Joji,Murray,#nationaldaughtersday,Charles Barkley,Jayda,#CactusJackSweepstakes,Kuzma,BETTER BY ZAYN,#FridayThoughts,#TicketsToMyDownfall,Vin Diesel,Minshew,Prius,Flynn
274,Jill Stein,Reds,Dennis Quaid,Tay K,Proud Boys,Vin Diesel,Auburn,Catholic,#SaturdayMorning,Amy Coney Barrett,#TheLPShow,Benn,Black Mirror,Celtics,Angels
275,#UFC253,#FartingCrickets,The Rock,Armenia,Lebron,Tom Ridge,#LotteDutyFreeFamilyConcert,#RussianGP,taehyun,#AskFFT,#SundayMorning,Wentz,Yom Kippur,Eagles,#PowerBook2
276,Project Veritas,Salt Bae,Ravens,#MondayMotivation,Ivanka,Hunter Biden,#TrumpCrimeFamily,FAKE PRESIDENT,#TrumpIsBroke,#ShadyFire,John Oliver,Doc Rivers,Packers,The IRS,Genshin Impact
277,#NationalCoffeeDay,#Debates2020,Ann Coulter,Tulsi,Jesus is Lord,#ByeLindsey,Mark Cuban,jungkook,Eric Trump,#chatwithmark,Lisa Raye,The Craft,Chris Wallace,Sully,Rudy
278,Proud Boys,#InternationalPodcastDay,Yellow,#TrumpIsARacist,Braves,#5Gsfor5G,#WednesdayWisdom,Antifa,Tom Holland,Katie Porter,#NBAFinals,#shutupman,Bauer,The Lorax,Smash
279,Chrissy,Halloween,#October1st,Kyrie,Nicki,Minecraft,#WhereIsTheRiver,Rhodes Scholar,Lakers,Yankees,#ThursdayThoughts,The Parkers,jungkook,#JeffreeStarByeBills,John Roberts
280,Rick Moranis,Morgan Freeman,Walter Reed,COVID,#FreeCodeFridayContest,Pence,FLOTUS,First Lady,#WorldSmileDay,Cubs,Praying,Rona,#OurHavenBangChan,Bryson,My 4 10
281,#NationalBoyfriendDay,Tyga,Chris Christie,Bob Gibson,#MeanGirlsDay,Remdesivir,Danny Green,Cal Cunningham,Kellyanne Conway,Six Feet Under,Big 12,Bama,Anthony Davis,#BTSonFallon_D5,Baylor
282,#ProudBoys,Harden,Signing,Sharpie,EXIF,Jim Carrey,Lindsey,#SNLPremiere,Relentless,Cowboys,Iowa State,Jay Electronica,Graham,#UFCFightIsland4,Chris Rock
283,#WorldTeachersDay,#sameartist,Space Force,#TrumpCovid19,#LovecraftCountry,#VoteBidenHarris2020,#MondayMotivation,Jimmy Butler,Excel,Alito,Partey,White House,Eagles,Mullens,#mondaythoughts
284,#NationalCoachesDay,Stanton,Mussolini,Hurricane Delta,Egyptians,Chris Cuomo,Tomi,#tuesdayvibes,I Am Legend,Falcons,Claudia Conway,She's 15,#GaspingForAir,Matt Ryan,Infinite Jest
285,#VPDebate,Ken Bone,Haskins,#LakeShow,CRISPR,#WednesdayWisdom,Johnny Nash,Kamala,Lebron,Derek Chauvin,Travis,#oneofmcafeesmillion,Hanoi Jane,#TrumpDevastation,#WhereIsTrump
286,Pete,#InternationalLesbianDay,#ChickenTrump,Rambo,Louise Glück,#thursdaymorning,#flygate,Gretchen Whitmer,NDAs,Mike Lee,Pence,Tom Herman,#thursdayvibes,Flies,Big Gretch
287,#EndSARS,Yelp,Brady,#fridaymorning,#FridayVibes,Bears,Kanye,#FridayMotivation,#TheBoys,Bob Dole,Leif Erikson,Nick Foles,Pompeo,John Lennon,Newman
288,#WorldMentalHealthDay,Danny Green,#MapOfTheSoulOne,Lebron,Taliban,Lakers,Texas,Morris,#UFCFightIsland5,Clemson,Jimmy Butler,#RedRiverShootOut,#NBAFinals,Bama,Mizzou
289,#NationalComingOutDay,Bill Burr,#MapOfTheSoulOne_D2,Jack White,Pinkerton,Raiders,Cowboys,#1YearOfLightsUp,Cardi,Kate McKinnon,Giants,Lakers,Nadal,Steelers,jungkook
290,#IndigenousPeoplesDay,Columbus,Lakers,Kobe,Joe Morgan,#LakeShow,#LovecraftCountry,Lebron,#HappyBirthdayJimin,Are the Pet Shop Boys,Vikings,#JIMINDAY,Seahawks,Chomsky,#SARSMUSTEND
291,#AppleEvent,Chargers,Braves,Dodgers,iPhone 12,Kentucky,#PortfolioDay,Herbert,#TuesdayThoughts,#5Gsfor5G,Saints,#tuesdayvibes,#MixItUp,Mike Williams,#TheBachelorette
292,#ThanksPlannedParenthood,#BoycottNBC,Dodgers,Ice Cube,#WednesdayWisdom,NY Post,ariana,#TrumpGraveDancer,Dexter,#wednesdaymorning,Altuve,Hillbilly Elegy,#2020in4Words,Rays,Braves
293,#NBCBlackout,Iowa,#FireChuckTodd,#CrookedJoeBiden,#ByeTiffany,Nicki,#BTSxBBMAs,Feinstein,#ProudOfHarry,#thursdaymorning,Ty Lue,#EricTrumpsUkraineScandal,Garrison Keillor,Ivy Queen,Steve Scully
294,Mr. Rogers,Babylon Bee,#PulteHelpsPeople,#VoteForHer,#BlameTrump,#WholeLottaChoppasRemix,Melo,Benny,Nicki,Big T,#FreeCodeFridayContest,#Lonely,#NationalBossDay,John Kelly,#FridayThoughts
295,Edmund,Milky Way,#TheWayISeeIt,Will Smith,Seager,82% of Americans,Clemson,#UFCFightIsland6,Bo Nix,#MyNameIs,Auburn,Game 7,#Dodgers,#EVELIV,Everton
296,Kirstie Alley,Lopez,Loma,Jim Carrey,Astros,#sundayvibes,Packers,Rodgers,#SundayMorning,#MyNameIs,#FartingIsBipartisan,Scientology,#AskFFT,Browns,Wentz
297,Bolivia,#MondayMotivation,Dodgers,Toobin,#ThankYouDoc,Fauci,#TRUMP2020ToSaveAmerica,#LOONA_WHYNOT,Braves,Doc Emrick,#LovecraftCountry,#LOONAISBACK,World Series,#TrumpIsCompromised,Atlanta
298,Nigeria,#EndSARS,Pat Robertson,Kasich,DMCA,Fitz,#InternationalAssDay,Bill Cosby,Lesley Stahl,#WorldSeries,#TuesdayThoughts,#IChooseAmerica,Chris Pratt,Tiffany Trump,#MeToobin
299,Quibi,Rudy,#PronounsDay,Borat,Chris Pratt,Pope,Mel Brooks,#TheDebateInSixWords,#WednesdayWisdom,#TrumpChinaBankAccount,#EndSarsNow,Joker,Iran,China,Among Us
300,Tony Bobulinski,Annalise,Iran,#MakeADogsDay,Turkey,#SpeakUpVoteBiden,Jason Whitlock,Jeezy,Hetalia,hoshi,#TrumpIsPathetic,#2YearsWithMono,Stadia,#freemymeal,Irene
301,Luke Combs,Birkin,ariana,Saweetie,McRib,Megyn,Shaq,Scorpio,Sudan,Bibi,Daniel Jones,#Debates2020,#FridayThoughts,Netanyahu,#FridayFeeling
302,Jerry Jeff Walker,#VoteEarlyDay,Khabib,Rutgers,Lou Dobbs,#UFC254,Times Square,Penn State,Nebraska,Bad Hair,#PORTOFCALL,#FamiliesForBiden,Challenger,#Golden,Waddle
303,Dodgers,Adele,Steelers,Nuns,Jansen,Marc Short,Brett Phillips,Rays,Mark Meadows,Arozarena,#HIAC,Brady,#FakeMelania,Baker,Game 4
304,Lil Pump,George Lopez,Jared Kushner,Cardinals,Tim Apple,#AMAs,Russ,Peggy Noonan,#MondayMotivation,Amish,#DVpit,Moon Knight,Lockett,harry styles,jihyo
305,#VoteThemOut,Kavanaugh,SCOTUS,Supreme Court,#WalterWallaceJr,Blood of Zeus,Cyberpunk,#TO_BTS,Bears,#TuesdayMotivation,Constitution,Saved by the Bell,Justice,#6YearsOf1989,Merrick Garland
306,Omaha,Dodgers,#XSXFridgeSweeps,Lil Baby,frank ocean,Miles Taylor,chanyeol,Nairo,Jack Dorsey,#NationalFirstRespondersDay,Girl Scouts,Justin Turner,Fortunate Son,#WednesdayWisdom,Alex Jones
307,#NationalCatDay,Perdue,Ivy Park,Jack Nicklaus,Wine,Tucker,Clive,Tyga,Chuck Todd,Paul Rudd,Jay Cutler,MAMA's Fan Choice Awards,UNCLE SUGA,#BB22,Marriage
308,#TheMandalorian,Happy Halloween,#POSITIONS,McRib,Bobby Orr,Ariana Grande,#FreeCodeFridayContest,Brett Favre,Trippie,Sam Smith,Kenneth Walker,Halloween,#12milliondreams,Wizkid,Melania
309,Halloween,#VoteBlueToEndTheNightmare,Sean Connery,Bond,Michigan,Clemson,#UFCVegas12,#BoycottHomeDepot,Tulsa,Minnesota,His House,#Worlds2020,Iowa,Rance Allen,Rutgers
310,Christmas,Rod Wave,Tank,TAYLOR IS FREE,Mook,No Nut November,#TrumpTerroism,#DaylightSavings,Steelers,Santa Cruz,Garcia,Allen West,John Mulaney,Dolphins,Packers
311,Fauci,Lady Gaga,#VoteResponsibly,#ARSD,#MondayMotivation,Election Eve,changkyun,Voted,#MakeAMovieVegan,Cowboys,#Election2020,Abe Froman,Sally,Vienna,#VoteBidenHarrisToSaveAmerica
312,#ElectionDay,STAY IN LINE,Kanye,Tracy Chapman,Lil Pump,#Elections2020,Dixville Notch,Josh Smith,Daniel Jones,#VoteBidenHarrisToSaveAmerica,Giannis,Alton Brown,Liberia,maddie,Oregon
313,Oregon,#CountEveryVote,Bernie,Nevada,Ben Shapiro,Anuel,Counting,#ElectionResults2020,Wisconsin,Michigan,Latinos,Alaska,Prop 22,Mail,Pennsylvania
314,J Cole,#ElectionResults2020,Biden - 264,Nevada,Stacey Abrams,5th of November,Arby,STOP THE COUNT,Cinnamon Toast Crunch,Paula White,Dabi,All Votes Matter,Apple Jacks,#CountEveryLegalVote,Greta
315,Stacey Abrams,King Von,#GetWellSoonYoongi,#bidenharis2020,System of a Down,Pennsylvania,Durk,Nicki,Johnny Depp,#CallTheElection,Colbert,6ix9ine,Philly,John Lewis,Andrew Yang
316,Quebec,Lincoln Project,Mark Meadows,#BidenHarris2020,hobi,#Election2020results,Zach Wilson,YOU'RE FIRED,#SaturdayMorning,RATM,Kamala,Dominion,BY A LOT,Rahm,Chris Cuomo
