unique_values,counts
MondayMotivation,33
WednesdayWisdom,26
TuesdayThoughts,19
ThursdayThoughts,18
SaturdayMorning,17
SundayMorning,13
tuesdayvibes,10
sundayvibes,10
wednesdaymorning,10
Lakers,10
FridayFeeling,10
FridayThoughts,9
fridaymorning,8
Kanye,8
SundayThoughts,7
thursdaymorning,7
Lebron,6
Dodgers,6
ChrisWallace,6
RandPaul,6
ShaunKing,6
SaturdayThoughts,5
TMobileTuesdays,5
SupremeCourt,5
Clemson,5
Barr,5
Meek,5
DonLemon,5
LovecraftCountry,5
Nicki,5
Braves,5
Cowboys,5
Texans,5
FreeCodeFridayContest,5
NewMonth,5
jungkook,5
MondayMorning,4
Brady,4
Chargers,4
Adele,4
SpaceForce,4
JohnLewis,4
BenShapiro,4
Luka,4
AR15,4
Jayda,4
Drake,4
Flynn,4
Celtics,4
America,4
Kodak,4
VanJones,4
Parler,4
Covid19,4
JoeRogan,4
ThursdayMotivation,4
Quavo,4
Steelers,4
Harden,4
Tory,4
Jada,4
hobi,4
DaveChappelle,4
Tulsi,4
LakeShow,4
TomCotton,4
TrumpMeltdown,4
Bolton,4
BadBunny,4
PortfolioDay,4
ProudBoys,4
PopSmoke,4
,4
Marco,3
PlayStation5,3
Melo,3
earthquake,3
BlueLivesMatter,3
BillNye,3
falwell,3
Browns,3
jimjordan,3
StaceyAbrams,3
FreeGamingPC,3
KyleLowry,3
ChrisCuomo,3
COVID19,3
AlexJones,3
Packers,3
JohnOliver,3
MarkCuban,3
ARSD,3
Barron,3
jacobblake,3
DannyGreen,3
PitMad,3
AskFFT,3
NotreDame,3
WalterReed,3
HenryWinkler,3
MarkMeadows,3
Halloween,3
Yankees,3
FluffyFunkoPOP,3
DaveGrohl,3
Saints,3
BillCosby,3
JamesWoods,3
Iran,3
GeorgeFloyd,3
BigTen,3
PowerTV,3
Cardi,3
Antifa,3
taemin,3
Snoop,3
Boosie,3
AnnCoulter,3
Moesha,3
JayElectronica,3
ARMYSelcaDay,3
Auburn,3
Kasich,3
Bruins,3
Hamilton,3
Zoey101,3
Geraldo,3
RodWave,3
LilBaby,3
Jeffree,3
dejoyhearing,3
JohnBoyega,3
ChinaVirus,3
Durk,3
JimCarrey,3
RickMoranis,3
Astros,3
AfterHours,3
Raiders,3
blacklivesmatter,3
HappyFounders,3
mondaymotivation,3
Pence,3
SCOTUS,3
TuckerCarlson,3
Kavanaugh,3
Joji,3
Mahomes,3
AndersonCooper,3
Pope,3
VeteransDay,3
EarlThomas,3
Kemp,3
Falcons,3
JCole,3
AlexTrebek,3
Kuzma,3
BillMaher,3
DeutscheBank,3
KateMcKinnon,3
Kobe,3
justiceforjacobblake,3
felix,3
winwin,3
MacMiller,3
HopeHicks,3
JeffBezos,3
AppleEvent,3
PaulRudd,3
Arsenal,3
Bears,3
Wentz,3
EricTrump,2
chatwithmark,2
Pompeo,2
AFallFromGrace,2
NASCAR,2
AEWAllOut,2
BB22,2
NickCannon,2
Sully,2
Nairo,2
NeimanMarcus,2
PaulGeorge,2
BANGBANGCON,2
Obamacare,2
Debates2020,2
BernieWon,2
PaulPierce,2
Fridaythe13th,2
PatTillman,2
ObamaCommencement2020,2
McRib,2
Vienna,2
TheMandalorian,2
Monica,2
NewYearsDay,2
GeorgeLopez,2
DamianLillard,2
PaulyD,2
Kawhi,2
HBOMax,2
Smash,2
WesAnderson,2
Sessions,2
Esper,2
AugustAlsina,2
Megyn,2
TrumpLiedPeopleDied,2
ShaneDawson,2
PuertoRico,2
WatermelonSugar,2
Drummond,2
Nadler,2
Gronk,2
Yannick,2
DrBright,2
Oprah,2
BTSWORLDDOMINATION,2
RogerStone,2
Nestor,2
MeghanMcCain,2
FlashbackFriday,2
Ivanka,2
Feinstein,2
ByeIvanka,2
HawaiianPunch,2
InfiniteJest,2
KatiePorter,2
Kamala,2
BlackSwan,2
Korra,2
rnc2020,2
TrumpHasNoPlan,2
GigiHadid,2
GabrielFernandez,2
JamalAdams,2
Usher,2
Kraken,2
Telfar,2
Fauci,2
StevieWonder,2
Mavs,2
ObamaWasBetterAtEverything,2
iphone12,2
Oregon,2
ScottBaio,2
AubreyHuff,2
UFC251,2
Kulture,2
jongdae,2
GetWellSoonYoongi,2
KurtCobain,2
LoriLoughlin,2
Lizzo,2
NYPD,2
TheRock,2
MTVHottest,2
Jackboy,2
Nevada,2
DVpit,2
KingBach,2
PatBev,2
LaborDay,2
Oscars,2
NationalDayOfPrayer,2
Rutgers,2
AmyCooper,2
WNBA,2
Bama,2
harrystyles,2
ChicagoFreestyle,2
TiffanyHaddish,2
FAKEPRESIDENT,2
Thighland,2
Seahawks,2
Birkin,2
JamalMurray,2
Katara,2
DeathStar,2
RoseGarden,2
JonVoight,2
BestBuy,2
HarveyWeinstein,2
Halle,2
JonJones,2
FirstLady,2
PatRobertson,2
Nier,2
Rays,2
LoneRanger,2
Game7,2
DanielJones,2
Happy420,2
Westbrook,2
PValley,2
Giannis,2
MinMin,2
HunterBiden,2
LGBTQgang,2
heautifulharries,2
BlackIsKing,2
FridayMotivation,2
BetteMidler,2
CallofDutyColdWar,2
Quibi,2
BSimone,2
Jameis,2
KatyPerry,2
HobbyLobby,2
Wale,2
DougCollins,2
Castro,2
AmericasGreatestMistake,2
CoronaOutbreak,2
JohnRoberts,2
RedLobster,2
Breitbart,2
Newt,2
JimmyButler,2
Russ,2
VMAs,2
DemDebate,2
TheChi,2
ChrisRock,2
DixvilleNotch,2
Burr,2
BolBol,2
Safaera,2
Tyga,2
WorldBookDay,2
BariWeiss,2
DaBaby,2
Drita,2
VanessaBryant,2
Romney,2
TuesdayMotivation,2
NoComradesUnder1k,2
Republican,2
Moneybagg,2
VoteBidenHarrisToSaveAmerica,2
TOHSPOILERS,2
ExaARMY,2
KirstieAlley,2
JohnKelly,2
Khabib,2
KillerMike,2
KenStarr,2
Bratz,2
Anuel,2
Tucker,2
Serena,2
Vikings,2
Michigan,2
BillSimmons,2
BrettFavre,2
KCamp,2
KROQ,2
jungwoo,2
ElectionResults2020,2
ColdWar,2
RosaParks,2
Jeezy,2
JasonWhitlock,2
zendaya,2
TuscanLeather,2
PamBondi,2
Melania,2
Santana,2
DickPound,2
Stanton,2
Angels,2
Anonymous,2
USPS,2
VinDiesel,2
42Dugg,2
WorldSeries,2
AveryBradley,2
RogerAiles,2
SFFpit,2
LemonadeMouth,2
CoachK,2
Alaska,2
TravisScott,2
PowerBook2,2
McSally,2
NBAFinals,2
Jansen,2
KirkCousins,2
PaulaWhite,2
Dame,2
6lack,2
RobinWilliams,2
Happy4th,2
Pennsylvania,2
Goya,2
Titans,2
kyla,2
KobeFarewell,2
Klay,2
Beyonc,2
Amish,2
MondayMotivaton,2
Minnie,2
VoterSuppression,2
Avatar2,2
TheLastDance,2
DropOutBernie,2
IStandWithJKRowling,2
IowaState,2
DACA,2
MS13,2
Altuve,2
ShakeShack,2
Zion,2
6ix9ine,2
Taliban,2
Virgil,2
Folklore,2
WellsFargo,2
Raptors,2
LinkinPark,2
Eagles,2
Rudy,2
82ofAmericans,2
LilPump,2
Saweetie,2
Rihanna,2
10YearsOfOneDirection,2
MySpace,2
ReggieBush,2
NCTzenSelcaDay,2
JillScott,2
Mulan,2
MelBrooks,2
KattWilliams,2
mondaythoughts,2
PaperMario,2
UFC252,2
KarlRove,2
ScottSteiner,2
ChuckTodd,2
TheBachelor,2
Iowa,2
DemExit,2
ariana,2
1DOnlineConcertStayAtHome,2
Big12,2
ARMS,2
Dune,2
WillSmith,2
PrinceCharles,2
Kyrie,2
BenCarson,2
kpopstansareoverparty,2
TrumpIsALoser,2
Bandcamp,2
MayaMoore,2
NationalDogDay,2
JakePaul,2
KathyGriffin,2
UFOs,2
SNLAtHome,2
TrumpKnewAndDidNothing,2
PurpleReign,2
GeorgeWallace,2
PledgeofAllegiance,2
Brandy,2
RobManfred,2
TrumpIsNotWell,2
MikeLee,2
BlackLivesMater,2
Wiggins,2
ios14homescreen,2
TikTok,2
MothersDay,2
Odell,2
MyNameIs,2
5Gsfor5G,2
GeraldGreen,2
FentySkin,2
Sturgis,2
Redskins,2
EndSARS,2
JeffreeStarApproved,2
38ofAmericans,2
Snapchat,2
DavidBrooks,2
TRE45ON,2
EidMubarak,2
TrumpVirus,2
AvengersEndgame,2
ChrisPratt,2
JaRule,2
Jhene,2
MountRushmore,2
SeanConnery,2
EverBeenSoDrunkYou,1
TomJoyner,1
Bakugan,1
SideEffectsOfQuarantineLife,1
LeaveMeALoan,1
Schumer,1
Beirut,1
FrostedFlakes,1
LesbianVisibilityDay,1
Goaltending,1
AlwaysWithACE,1
Conor,1
opencalifornianow,1
hoshi,1
TrumpsCoronavirusRally,1
RevealYourAgeWithoutNumbers,1
JimmyCobb,1
TowerofGod,1
StudentBan,1
DonToliver,1
WELOVEYOULIAM,1
JFKJRRETURN,1
ClintEastwood,1
NationalPrayerBreakfast,1
NationalWeatherpersonsDay,1
WorldTurtleDay,1
FavoriteOST,1
Haskins,1
TrumpTapes,1
ParasiteBestPicture,1
kissagingerday,1
DMCA,1
StupidLove,1
njwk14,1
GalGadot,1
RAISETHEDEGREE,1
PatriotPrayer,1
Frorida,1
ClaudiaConway,1
Tlaib,1
EXOisEXO,1
SniffyMcAdderall,1
Regis,1
ScarletWitch,1
TheLastDriveIn,1
HappyEaster,1
GlobalEntry,1
SexDoneRightIn5Words,1
PulteDropsBitcoin,1
TheChicks,1
Tariq,1
GregPeppers,1
BlackTwitter,1
ToosieSlide,1
WWERaw,1
OaklandColiseum,1
BloodofZeus,1
CloneWars,1
JeffersonDavis,1
SM,1
HatchAct,1
SahBabii,1
SamDonaldson,1
ThingsYouSayWhenYouCum,1
Dolph,1
IUxSUGA,1
BankofChina,1
PrayingMantis,1
ColinPowell,1
Matched,1
Fast9,1
frankocean,1
PetesBillionaires,1
Faulkner,1
JimmyJohns,1
TheVillages,1
TraitorTrump,1
Gobert,1
DrDisrespect,1
debbyryan,1
Worlds2020,1
Netanyahu,1
Scream5,1
LouDobbs,1
WeakPresident,1
AlisonWonderland,1
FartingIsBipartisan,1
Denny,1
Rashida,1
3moremonths,1
FiveGuys,1
oneofmcafeesmillion,1
LisaAlexander,1
ParallelUniverse,1
FavoriteBaseballPlayerEver,1
SpringMan,1
Kimbrel,1
CarolineFlack,1
Wilder,1
KnivesOut2,1
QuarantineATVShow,1
SachaBaronCohen,1
TheProudFamily,1
TaysomHill,1
Indicted,1
Whoopi,1
NationalDrinkWineDay,1
EconomicIntercourse,1
SupremeLoser,1
Coronarivus,1
NCT127BeyondLIVE,1
MichaelAtkinson,1
Target,1
SomeGoodNews,1
yunho,1
KimPossible,1
TheBoys,1
IfIWorkedAtDunderMifflin,1
NationalRescueDogDay,1
JohnWall,1
GarrisonKeillor,1
CongratulationsAmerica,1
IChooseAmerica,1
EXIF,1
Rambo,1
BreonnaTalyor,1
AllTimeLow,1
STREAMWALLS,1
YikesTonight,1
ChanningFrye,1
AFCEast,1
crematedpalette,1
KeriHilson,1
VoteBidenHarris2020,1
Tulsa,1
ArtemisFowl,1
BoycottMLB,1
JohnAmbrose,1
Doral,1
LifewithDerek,1
RespectBTSV,1
VoteForBernie,1
PaulRyan,1
RIPRobertFuller,1
grimes,1
BernieWonNH,1
CalCunningham,1
LOCKDOWN2020,1
Section80,1
NASCARIsBack,1
Wisconsin,1
HappyBirthdayMrPresident,1
MAR10Day,1
AmberHeardIsAnAbuser,1
Slay,1
LetHerSpeak,1
HispanicHeritageMonth,1
ReturnoftheMack,1
taekook,1
LoversFriends,1
VoteResponsibly,1
gowon,1
Nadal,1
Elsa,1
clustertrump,1
MILFs,1
Roberts,1
BangBangConTheLive,1
scammys,1
jerryseinfeld,1
WhyIDidntReport,1
RIPChadBoseman,1
WhatsOnMySexTape,1
GoodFriday,1
PoliceBrutalityPandemic,1
IceCube,1
fortniteseason3,1
Jrue,1
Normani,1
CancelBiden,1
OBAMAGATEGATE,1
CongratsChristina,1
NationalArchives,1
TedCruz,1
ChrisHayes,1
ClearingTheAir,1
Juggalos,1
NickCordero,1
KungFlu,1
MariaSharapova,1
RedXIII,1
DemocracyDiesinDarkness,1
WorstStadium,1
PresidentGod,1
Pharrell,1
ReplaceEllen,1
IfThisWereThe90s,1
UltimatePlay,1
IvyPark,1
Norvell,1
TrumpStroke,1
Cuomo,1
SchittsFinale,1
UseTheWrongPicture,1
My410,1
Pinkerton,1
DontRemoveYoutubeCCs,1
PeteDavidson,1
MYTRUTHDOC,1
Comet,1
Madres,1
boosie,1
Coronavirustruth,1
GodisGod,1
63Canadians,1
JIMINDAY,1
Diggs,1
AllBirthdaysMatter,1
COVID1,1
NativeAmericans,1
Mueller,1
YtBring67MBack,1
JusticeForGeorgeFloyd,1
STUCKWITHU,1
Doris,1
KIMJONGUNDEAD,1
Tesla,1
SecretSky,1
DonShula,1
BrianWilliams,1
psndown,1
BTSxGDA,1
GenshinImpact,1
PresidentsDay,1
Valorant,1
AlbertPike,1
MichaelSteele,1
SongsThatDescribe2020,1
GetWellSoonYunho,1
GaleSayers,1
LakeoftheOzarks,1
AskSonicMovie,1
UCDavis,1
NationalBoyfriendDay,1
EveryonesLaughingAtYouDonald,1
SixFeetUnder,1
KevinGates,1
MakeAMovieVegan,1
LiveandLetDie,1
Juvenile,1
TrumpDictatorship,1
VelveteenDream,1
BernieIsMyPresident,1
TrumpTheSnake,1
RHOP,1
TrumpBudget,1
Hellboy,1
NOalNuevoCodigoCivil,1
UntilTomorrow,1
IowaCaucuses,1
AddAWordRuinATVShow,1
DeadTrollz,1
PastimesFromThe90s,1
Biologically,1
Tamia,1
BlackMirror,1
Nintendo64,1
Ohio2,1
Triscuits,1
AndrewYang,1
Navarro,1
LesleyStahl,1
NationalNudeDay,1
KJHill,1
Adderall,1
SweetNightOST,1
RemembertheTitans,1
TPain,1
Aragorn,1
DavidFrum,1
UFC254,1
ClaytonBigsby,1
DavidGeffen,1
Sinclair,1
HerdMentality,1
TheWayISeeIt,1
Folkore,1
MrMamas,1
How2020CouldGetWorse,1
AfterTheSexIsOver,1
KarenPence,1
My5XMen,1
OmariHardy,1
McClatchy,1
Indy500,1
WWIII,1
MarianneWilliamson,1
Egyptians,1
BeingLiberalMeans,1
RishiKapoor,1
changkyun,1
WeWillVote,1
CliffRobinson,1
TracyChapman,1
harrystylesisoverparty,1
Automata,1
Bibles,1
NotMyChild,1
Cora,1
CountEveryLegalVote,1
EVELIV,1
InternationalMuseumDay,1
ThanksBatfleck,1
VinScully,1
RiosChristtheRedeemer,1
ReginaHall,1
larriesarehot,1
NationalFirstRespondersDay,1
TheDebateInSixWords,1
NationalComingOutDay,1
AndyDalton,1
JulioJones,1
Democrats,1
HenryCavill,1
LauraDern,1
DerekChauvin,1
RanchoCucamonga,1
HappyBirthdayNamjoon,1
LadyGraham,1
CornelWest,1
Remdesivir,1
EliManning,1
Reddit,1
PleaseStopTellingMeTo,1
Chainsmokers,1
AllenGarfield,1
WorldHealthDay,1
SouthBend,1
Rahm,1
VotingForBernie,1
LakeTravis,1
FindSomethingNew,1
BETAwards,1
BlueFlu,1
ImperialCollege,1
worldnakedgardeningday,1
WhenCoronaVirusIsOver,1
TwitchStreamers,1
Golden,1
OneYearOfLover,1
Jollibee,1
LGBTQpride2020,1
AGUSTD2,1
NobodyLikesTrump,1
QueenRadio,1
AlexSmith,1
Muses,1
KurtLoder,1
ThankYouRM,1
LAFCvPHI,1
WestsideGunn,1
multisareoverparty,1
TrumpOut2020,1
Imogen,1
Tatum,1
beautifullybisexual,1
DCCC,1
DemiLovatoIsOverParty,1
Tasha,1
NationalSiblingsDay,1
Stooped,1
DrFauci,1
Pogba,1
YungBleu,1
Mixer,1
Chubb,1
HitDifferent,1
BTSonFallon,1
AskChina,1
Page1of365,1
NationalRadioDay,1
McCoyTyner,1
BigT,1
Tannehill,1
NationalUmbrellaDay,1
SaraJay,1
Sunshine,1
NavidAfkari,1
Election2020,1
FridayThe13th,1
InsteadOfMoneyPleaseSend,1
TemblorPR,1
BrooksBrothers,1
Pistons,1
ChrisEvans,1
wooyoung,1
DaylightSavingsTime,1
SamSmith,1
JeffFlake,1
ChrisDodd,1
QuarantineAMovie,1
AlisonRoman,1
RoevWade,1
PeterAlexander,1
coronapocalypse,1
AMAs,1
SKOL,1
MikeMilbury,1
Lavrov,1
HermanMunster,1
PersonavsIRL,1
FOOTBALLISBACK,1
BTSPresale,1
ReactionTimeTest,1
OddPlacesIHadSexIn,1
madisonbeerisoverparty,1
Kennedy,1
EXPOSEANTIFA,1
JoeBidenisJoeBiden,1
BigTimeRush,1
CindyAdams,1
WorldMentalHealthDay,1
AnnoySquidwardDay,1
StephenSondheim,1
WorldPressFreedomDay,1
HBCU,1
Steyer,1
SubpoenaObama,1
TMobile,1
ARMYapologize,1
RawUnderground,1
OrlandoBrown,1
KristiNoem,1
VEDay75,1
Venus,1
Emerson,1
Hightower,1
StayHomeBands,1
TheBatman,1
DisneyWorld,1
PepsiHalftime,1
jacobwhitesides,1
Naya,1
Toots,1
aliensarereal,1
CoriBush,1
Iona,1
Rondo,1
MarshallLaw,1
TrumpRiots,1
DavidPrice,1
LandOLakes,1
JOYCONBOYZFOREVER,1
LindaTripp,1
WhatISaidDuringDrunkSex,1
HenryCavillSuperman,1
IranPlaneCrash,1
Twizzlers,1
dylanwasframed,1
Kreayshawn,1
Westgate,1
Mario,1
Benedict,1
LindseyGraham,1
RexRyan,1
Kissanime,1
DarkShadows,1
Mookie,1
2020InOneWord,1
goodtrouble,1
GalentinesDay,1
Pier1,1
NBARestartonTNT,1
ByTheEndOfThisDecade,1
MichaelMoore,1
BeyDay,1
ArianaGrande,1
TexasLt,1
STAYINLINE,1
WinterClassic,1
Zelda,1
PennState,1
BernieWonIA,1
HappinessOverEverything,1
Klobuchar,1
OliviadeHavilland,1
suitornosuit,1
Kang,1
Leafy,1
apush,1
TheCDC,1
5BTS,1
CatholicChurch,1
disinfectant,1
TomorrowisAugust,1
Correa,1
COVID,1
MambaDay,1
WearOrange,1
NBAboycott,1
ChicagoRiots,1
MAGA,1
Caresha,1
ProudOfBTSAlways,1
CashAppFriday,1
Chrissy,1
Chet,1
FivePerfectMovies,1
rememberplussyknight,1
CLUBTWITTER,1
DragRace,1
FreeFoleyVideo,1
IveHadEnoughOf,1
ripjeffbezos,1
Grossi,1
Tamar,1
China,1
Walmart,1
RATM,1
ImVotingForBiden,1
VoteThemOut,1
HappyMLK,1
Directv,1
ArnoldSchwarzenegger,1
memorialdayweekend2020,1
JusticeforRobertFuller,1
OilPrice,1
Hes75,1
FilmsForRepublicans,1
Scarface,1
BetsyDeVos,1
AllOfUs4Warren,1
OpenSkies,1
twittervskpop,1
DinoThunder,1
BidensCognitiveDecline,1
Pulse,1
DaylightSavings,1
FamiliesForBiden,1
TheMatch,1
Prices,1
NationalGirlfriendDay,1
QuarantineLife,1
MykeTowers,1
supertuesday2020,1
ChuckWoolery,1
Minshew,1
NarcosMexico,1
BuschClash,1
POSITIONS,1
LivePD,1
GameStop,1
ONEYEAROFK12,1
2020Vision,1
NancyChokesWhilePeopleGoBroke,1
TogetherAtHome,1
Zaya,1
IdRatherThanVoteForTrump,1
BestConcert,1
ThankYouBTS,1
darksideofthering,1
Sinnoh,1
StephenMiller,1
Lyft,1
TedWheeler,1
taeil,1
Giants,1
Palantir,1
JudgeJeanine,1
Camo,1
CactusJackSweepstakes,1
27ofAmericans,1
taeyong,1
ApologizetoKaachi,1
ChurchofEngland,1
HipHopHarry,1
RIPRBG,1
TAYLORISFREE,1
EricTrumpsUkraineScandal,1
Shane,1
FairTreatmentForGOT7,1
shutupman,1
Clippers,1
JackMa,1
BrownSugarCinnamon,1
Bronny,1
TrumpSpeech,1
NaomiCampbell,1
MidnightSky,1
AvatarTheLastAirbender,1
MittRomneyAmericanHero,1
Signing,1
NewZealand,1
Terry,1
Modly,1
Baylor,1
MrRogers,1
7yearswithoutcory,1
JohnSaxon,1
WilfordBrimley,1
Twister2,1
TrumpFailedAmerica,1
OnMyBlockS3,1
MelGibson,1
HermanCain,1
MattColvin,1
Lightning,1
BrainDead,1
Pusha,1
AmericaOrTrump,1
DWill,1
ThomBrennaman,1
JenniferGriffin,1
JackPosobiec,1
NikkiHaley,1
JackNicklaus,1
EarthDay,1
Mussolini,1
yoongi,1
LearnKoreanWithBTS,1
YOUREFIRED,1
JusticeForVanessaGuillen,1
VanMorrison,1
MortDrucker,1
JustinBieber,1
RIPX,1
Herbert,1
Goldberg,1
Tink,1
BUFvsHOU,1
TheBirds,1
ArmyMissesBTS,1
DonDiablo,1
HumpDay,1
MarchForLife,1
LotteDutyFreeFamilyConcert,1
AffordableCareAct,1
SmashMouth,1
Brookfield,1
Chuba,1
VanGogh,1
mitchrowland,1
ArmedForcesDay,1
Steakumm,1
MissAmericana,1
Shakira,1
LadyGaga,1
Tkachuk,1
MattGaetzIsATool,1
DisneyAfterMidnight,1
TrumpLied200KDied,1
HappyHalloween,1
Colquitt,1
HappyBirthdayBreonnaTaylor,1
pokemonmastersex,1
bubonicplague,1
FusionReborn,1
PalmSunday,1
Mook,1
25KSuperCashAppFriday,1
Wayne,1
BlacklivesMaters,1
JerryStiller,1
Scientology,1
BYALOT,1
Stimpy,1
ToyStory3,1
Cyberpunk,1
Pit4Busch,1
Viagra,1
StayAtHomeOrder,1
Midnight,1
Shameik,1
Waddle,1
StarTrekUnitedGives,1
entanglements,1
TrumpEvictions,1
DMC5Anniversary,1
PeterKavinsky,1
BellaThorne,1
Marriage,1
AdamSchiffHasMyRespect,1
GaysforTrump,1
IvotedforHillaryClinton,1
PORvsUTA,1
VentureBros,1
RobertPattinson,1
FoxNewsisRacist,1
TheShooter,1
Toobin,1
RascalFlatts,1
Bengals,1
AllLivesMatter,1
JohnKerry,1
KeijiFujiwara,1
CodeVeronica,1
GetWellSoonShownu,1
My20YearOldSelfIn5Words,1
coronaravirus,1
Atlanta,1
House2,1
LyleMays,1
MichelleCarter,1
Caruso,1
Blueface,1
HillaryDuff,1
Byte,1
DISPLAY,1
MolsonCoors,1
JKRowling,1
AaronCarter,1
HappyBirthdayAdam,1
ChrisDoleman,1
Nikkie,1
OPENAMERICANOW,1
TrumpsJealousOfObama,1
MayDay,1
MountStHelens,1
AddAComedianToAMovie,1
MrPeanut,1
Microsoft,1
CoastalCarolina,1
RussianInterference,1
Alito,1
VoteOutRacism,1
JacksonBrowne,1
Jadakiss,1
TravisTritt,1
BTSOFTHEDAY,1
VoteThemAllOut2020,1
PresidentPelosi,1
MiLBAtHomeOpener,1
relationshipwithBTS,1
2YearsWithMono,1
MilkyWay,1
Denzel,1
DynamiteBsideMV,1
Cillizza,1
FrankClark,1
NoDiggity,1
Grilled,1
LibertyUniversity,1
FireTrump,1
BobbyBoucher,1
NationalHornyDay,1
TheIRS,1
BasementEast,1
Seager,1
CaptainKirkNeverSaid,1
WorstWaysToInterruptSex,1
Rivers,1
RIPTacoBell,1
LauraIngraham,1
HappyBirthdayJustinBieber,1
Ravens,1
whereismarcus,1
VoteForHer,1
RHOBH,1
YouAintBlack,1
LGBTQsungay,1
AmericansWantWitnesses,1
KeepTexasRed,1
AaronSchock,1
InternationalDanceDay,1
TrumpRallyTulsa,1
JoeWest,1
SouthPark,1
BTSDynamite,1
WatershipDown,1
JoshAllen,1
AmongUs,1
JackWelch,1
Christianity,1
Destiny2,1
PotteryBarn,1
NewMexicoCivilGuard,1
dcblackout,1
DanPatrick,1
PenthouseRed,1
StartKD,1
Huckabee,1
IWasTheKindOfKid,1
MayThe4th,1
AllPro,1
JamieFoxx,1
JoonsQuince,1
CindyMcCain,1
Vietnam,1
FatTuesday,1
BreakFreePersona,1
PokemonHome,1
TheMauldalorian,1
TrumpIsBroke,1
Mnuchin,1
AnarchistJurisdiction,1
TheManMusicVideo,1
Coraline,1
RandyJohnson,1
DonaldGlover,1
Wawa,1
JacobBlake,1
ThankYouSupernatural,1
Christmas,1
GeorgeKirby,1
XFL2020,1
OnePlus8Series,1
PeteToBernie,1
Pier45,1
IStandWithBubba,1
IvyParkXAdidas,1
AWrittenTestimony,1
ZoeBaird,1
ImpoliteThingsToDoAfterSex,1
STFUHillary,1
QuadenBayles,1
SaveThePostOffice,1
StayAtHomeAndStaySafe,1
QuincyJones,1
Bellator238,1
CHETOT,1
Zendaya,1
Reels,1
Denmark,1
BooHillary,1
noacf,1
stimuluspayment,1
RefundWarren,1
SimonCowell,1
JohnsonJohnson,1
tiktokteens,1
ElectionDay,1
MakeSolo2Happen,1
MCRXX,1
Lakersin4,1
Fultz,1
MurderHornets,1
TrumpKillsPuertoRico,1
TRUMP2020ToSaveAmerica,1
WorldSuicidePreventionDay,1
Finn,1
EGOComebackTrailer,1
Earth2,1
HappyBirthdayMeg,1
YouSatOnMyFaceBecause,1
istandwiththepresident,1
WayVBeyondLIVE,1
WhenThisIsAllOver,1
OurHappinessJISOODay,1
Pippen,1
Promises,1
DemConvention,1
Lyanno,1
ByeKaleigh,1
JimmyG,1
MYLOVE,1
UsainBolt,1
Halo3,1
Stormi,1
ODNI,1
ChrisTaylor,1
MajorLeague,1
KanyeWestIsOverParty,1
GoldenGlobes,1
Despacito,1
COLOURPOPCELEBRATES,1
dollypartonchallenge,1
dogecoin,1
ChrisBrown,1
worldintrovertday,1
EdmundPettusBridge,1
LouiseGlck,1
Happy328,1
Lancaster,1
SallyYates,1
Drudge,1
AdamSandler,1
Nebraska,1
PandemicIn5Words,1
CaptainCrozier,1
Robocop,1
TimKaine,1
SKZUNLOCKinUSA,1
44Bulldog,1
BisexualMenExist,1
NeverWarren,1
zouis,1
DanBilzerian,1
WomenInScience,1
COVIDIOT,1
Moundsville,1
SEAvsGB,1
BillOReilly,1
MorganFreeman,1
BigMama,1
BTS1onHot100,1
AlexRusso,1
Everton,1
GEazy,1
AmyDorris,1
lastnormalphoto,1
ReleaseTheButtholeCut,1
KickIt1stwin,1
IAmNonbinary,1
MikeWilliams,1
ThingsYouWontHearBatmanSay,1
MalikMonk,1
Sakurai,1
LettertoNipsey,1
nashvillestrong,1
EdFarmer,1
Liberia,1
HappyBirthdayKeanuReeves,1
NationalHatDay,1
IDidntKnowMyKinkWas,1
DerbyDay,1
MailedIt,1
CurtSchilling,1
nickatnite,1
riots2020,1
RipFortnite,1
KarlAnthonyTowns,1
WhiteHouse,1
BrentFaiyaz,1
BigPapi,1
Emmy,1
Cohen,1
DoctorsSpeakUp,1
MrIglesias,1
DrunkHistory,1
loveisblindfinale,1
Zipper,1
DeepEllum,1
SevenNationArmy,1
GoneWiththeWind,1
hwasa,1
Acosta,1
VeraLynn,1
Maggie,1
LincolnProject,1
MattBomer,1
WhereIsEgo,1
Cardinals,1
CinnamonToastCrunch,1
POCArmyBlockParty,1
DavidStern,1
77ofAmericans,1
MilesTaylor,1
DeathNote,1
Killmonger,1
HappyFall,1
RIPShadGaspard,1
MaytheFourth,1
MidnightMitch,1
TahitianTreat,1
NBCBlackout,1
NDAs,1
PS5Reveal,1
Relentless,1
ReggieJackson,1
PGE,1
PoloG,1
October1st,1
LOONA1stWin,1
MeanGirlsDay,1
UHaul,1
Dominicans,1
75ofAmericans,1
whydidntireport,1
Annalise,1
MambaMonday,1
impeached4life,1
TrumpDefense,1
CameronBoyce,1
Lockett,1
Flacco,1
Rusev,1
Cubans,1
Sudan,1
BillPolian,1
BackDoor1stWin,1
WeLoveYouBTS,1
RTXOn,1
WipeMeDown,1
LACounty,1
Minnesota,1
HappyBirthdayGigi,1
AuntJemima,1
namjoon,1
Lansing,1
UnverifyAndyNgo,1
ExaBFF,1
WeAreSorryDoja,1
DanceoftheClairvoyants,1
Rodgers,1
Gase,1
TwinPeaksDay,1
LoganPaul,1
BlueWorld,1
SystemofaDown,1
Haku,1
IncredibleHulk,1
7TRACKLIST,1
RoshHashanah,1
WhyImNotVotingForJoe,1
VinceVaughn,1
DomingodeRamos,1
Selma,1
Bound2,1
Canelo,1
HowardStern,1
7YearsWithJungkook,1
ManifestDestiny,1
supermoon,1
LandFree,1
Soleimani,1
KimKardashianIsOverParty,1
Westworld,1
shindong,1
Constitution,1
GoJoe,1
ImAwakeThisLateBecause,1
coronapocolypse,1
FAFSA,1
VPDebate,1
BadHair,1
JamesCarville,1
AAVE,1
UglyPresident,1
PizzaHut,1
Roshi,1
SteveKing,1
SanBernardino,1
SeanGarrett,1
Tyra,1
WilburRoss,1
TomPetty,1
BrexitDay,1
Graham,1
Midland,1
DeleteFacebook,1
ZachWilson,1
AmericanDream,1
FloridaState,1
HyperScape,1
mattiaisoverparty,1
PeteCarroll,1
NoTellin,1
WalterWallaceJr,1
ThankYouBernie,1
BLUEFALL,1
DrOz,1
JohnKrasinskiIsOverParty,1
Chen,1
CensusDay,1
WhiteHispanic,1
WarrenJobs,1
GeneralStrike,1
ChineseVirus,1
AdultSwim,1
JillBiden,1
ICanNotDieBefore,1
OrsonBean,1
TrumpsVaccineIsALie,1
SeanReed,1
AllLove,1
CaptainBligh,1
WarrenDemocrat,1
ObamaRuntz,1
ChickenTrump,1
SADistAppreciation,1
IBelieveBiden,1
ImpeachmentTrialSham,1
InternationalLesbianDay,1
FreemanDyson,1
Momentum,1
ScienceHasFailedToAnswer,1
SlimeB,1
BLACKLIVESMATTER,1
dualipaisoverparty,1
7isComing,1
EndSarsNow,1
SusanBAnthony,1
NoAir,1
MayorCheat,1
AnthonyBourdain,1
FourSeasonsTotalLandscaping,1
chanyeol,1
MaryKayLetourneau,1
Batman,1
NationalTequilaDay,1
JewishPrivilege,1
MoonKnight,1
LadyG,1
AnnaMae,1
LOONAWHYNOT,1
Reyes,1
DeleteTheirPhoneNumberIf,1
Greta,1
panicbuying,1
CoronaLockdown,1
TrumpHatesOurVeterans,1
Rona,1
KaliUchis,1
Mizzou,1
PS5Launch,1
FixMaddenFranchise,1
Rochester,1
maddie,1
TrumpKnew,1
schoolsreopening,1
CentralAmericans,1
Tison,1
Epcot,1
MeAt20,1
MelaniaTapes,1
PalmSprings,1
JerrySloan,1
Benny,1
AmorEterno,1
ProInvitationalSeries,1
WesUnseld,1
BenedictDonald,1
LadyAntebellum,1
nationaldaughtersday,1
hotgirIsforbernie,1
AtKarensGarageSale,1
DiaperDon,1
OLordGod,1
Teyana,1
SWORD,1
RIPPrince,1
DesiPerkins,1
AmyConeyBarrett,1
Kellyanne,1
ByeHannity,1
JesusistheChrist,1
JamesLipton,1
Morty,1
Stimulusdeposit,1
Baker,1
Snowden,1
LGBTQts,1
PelosiMustGo,1
SusanRice,1
Colbert,1
SteveBannon,1
PutinsGOP,1
ATTACKANDDETHRONEGOD,1
MySummerInSixWords,1
MaryMary,1
NationalBookLoversDay,1
IfTheWorldHadNoMen,1
TrumpIsARacist,1
TalcumX,1
StateDepartment,1
UFCVegas4,1
TyLue,1
Dolan,1
BidenWonDay,1
84GB,1
CancelEverythingNow,1
Willian,1
HappyBirthdayJimin,1
InNOut,1
flygate,1
AllLivesMatters,1
OhioState,1
AbeFroman,1
MurphyLee,1
stopbullying,1
TedCruzHasNoBalls,1
RaviZacharias,1
Putin,1
JoeMorgan,1
Draymond,1
MeatLoaf,1
McCain,1
WhyIDrankBefore21,1
Desi,1
Lana,1
WeSupportYouHorikoshi,1
TylerChilders,1
DianaRigg,1
AriLennox,1
FireChuckTodd,1
PabloSanchez,1
bayarealockdown,1
CRISPR,1
FallGuysSeason2,1
VirtualRaveAThon,1
birther,1
WorldHealthOrganization,1
ScottStorch,1
WendysIsOverParty,1
BreonnaTaylorMatters,1
TrumptheWorstPresidentEVER,1
ChenGuangcheng,1
ShadyFire,1
IMSOHAPPYFORHIM,1
Diddy,1
DeleteFacebookNow,1
TomorrowisFridaythe13th,1
Oracle,1
TerranceHoward,1
BrianMcKnight,1
Dante,1
UFCRaleigh,1
SourCandy,1
Palestinians,1
NancyPelosiFakeNews,1
BuckHenry,1
Bahrain,1
taehyun,1
Mullens,1
ZedsDead,1
StJoseph,1
DrHenderson,1
DropOutBiden,1
StopAiringTrumpsBriefings,1
Elections2020,1
ObamaGate,1
UncutGems,1
CliveCussler,1
KellyanneConway,1
GeneSimmons,1
JackDorsey,1
JackWhite,1
MenAreResponsibleFor,1
Prop22,1
Maxo,1
6YearsOf1989,1
Limbaugh,1
Seoul,1
Irn,1
WeWantToPlay,1
CasinoRoyale,1
TooHotToHandle,1
Thiem,1
LenaWaithe,1
GoBucks,1
SkyForNamjoon,1
TrumpHatesVeterans,1
15Trillion,1
BUTDADDYILOVEHIM,1
Burke,1
HookersforJesus,1
StimulusPlan,1
Iggy,1
ThingsFakeAF,1
Yoho,1
Shaq,1
MilwaukeeBucks,1
TinaFey,1
BillClintonIsAPedo,1
LukePerry,1
Pfizer,1
TupacShakur,1
DearBernie,1
StephenJackson,1
Pelosi,1
BelleDelphine,1
RexManningDay,1
Vicky,1
IEndorseBernie,1
BrunoPluto,1
KennedyCenter,1
ConstitutionDay,1
PBPitch,1
Welcometo2020,1
30gb,1
WorldBeeDay,1
MikeLeach,1
WashingtonMonument,1
TrumpPressConference,1
LeavingLasVegas,1
LeaMichele,1
AndreadeCastro,1
Edgewood,1
thankyourianjohnson,1
Cyhi,1
WeTrustX1,1
Caturday,1
Deku,1
Holocaust,1
WhatMenCanDoForWomen,1
Nirvana,1
IWantALittleCaesarsBoxSeat,1
StillVotingYang,1
NXTTakeOver,1
Colby,1
JAYELECTRONIC,1
Novartis,1
Creamy,1
DontDoThisAfterSex,1
SteveIrwin,1
Perdue,1
DOSOMETHING,1
CherryCoke,1
UFCFightIsland6,1
TrumpsWar,1
MOTS7isComing,1
TalladegaNights,1
anselelgort,1
JesusisLord,1
CuckerTarlson,1
Koya,1
JonathanIsaac,1
AskBLACKPINK,1
StockMarketCrash2020,1
BeverlyCleary,1
Kudlow,1
JoeKelly,1
ObamaAppreciationDay,1
TheSexiestThingYouCanSay,1
cashappinbio,1
Kase,1
911video,1
ThankYouGolic,1
GoodGuyKeem,1
ThingsMorePopularThanTrump,1
TrumpsAmerica,1
NickFoles,1
Snowchild,1
RoyalRumble,1
Bolivia,1
JimmyLai,1
SongoftheSouth,1
FLOTUS,1
KaitlinBennett,1
DonovanMitchell,1
JoeBidenIsARacist,1
HarryandMeghan,1
Gunna,1
JohnMulaney,1
AaronMurray,1
OpeningDay,1
TrumpTraitor,1
RIPHanaKimura,1
HappyBlackHistoryMonth,1
MyFirstJobIn3Words,1
JoeBidenJob,1
TraitorInChief,1
TheLPShow,1
CheezIts,1
DrewPearson,1
TrumpDeathToll95K,1
Yoel,1
Grant,1
Leeds,1
Marines,1
CaucusForYang,1
DearAugust,1
Huey,1
PeggyNoonan,1
Counting,1
KarensGoneWild,1
VinceCarter,1
Skullgirls,1
Trippie,1
SeduceSomeoneInFourWords,1
Chengdu,1
NationalBossDay,1
GoldenGateBridge,1
Ratcliffe,1
WrestlingTwitterAfterDark,1
Enlist,1
AlPacino,1
KevinDurant,1
PalindromeDay,1
WednesdayThoughts,1
AntifaTerrorists,1
EddieWinslow,1
RoseMcGowan,1
SUGA,1
CityGirls,1
IrunwithMaud,1
Shad,1
ForTheFarmers,1
RandomActsOfKindnessDay,1
RockyJohnson,1
Borat,1
PulpFiction,1
CognacQueen,1
FindMyMobile,1
DianeKeaton,1
StrayKidsBackDoor,1
DavidBlaine,1
CaroleBaskin,1
Imagine,1
RecheCaldwell,1
HOUvsKC,1
PulteHelpsPeople,1
UFCVegas10,1
TicketsToMyDownfall,1
Lakeith,1
KIDS,1
MichaelIanBlack,1
Bannon,1
socialistteeth,1
HappyBirthdayBrandon,1
Lancme,1
RanceAllen,1
TheEndofMeatIsHere,1
Bulls,1
MonsterHouse,1
BonniePointer,1
YUTA,1
Ashanti,1
Pete,1
StayAtHome,1
TrumpsRemovalTrial,1
Karter,1
Bills,1
YokoOno,1
IanHolm,1
Scorpio,1
MyPSYear2019,1
HanoiJane,1
CatalinaWineMixer,1
Clyde,1
BandaMS,1
Aubrey,1
AccurateTrump2020Slogans,1
MayThe4thBeWithYou,1
IGotKickedOutOfSpaceForce,1
LakeLanier,1
ChristopherLloyd,1
Swizz,1
ChrisMatthews,1
ColbyCave,1
SuburbanLifestyleDream,1
Chimesweeps,1
THUGS,1
TeeGrizzley,1
LilSnupe,1
SNKRS,1
Hetalia,1
MamaMia,1
ArethePetShopBoys,1
LoveYourPetDay,1
NationalDoctorsDay,1
SisterSister,1
Texas,1
IDontNeedYourPermissionTo,1
MissHitler,1
IsaiahRashad,1
dvsn,1
NobelPeacePrize,1
UFCFightIsland3,1
Ruin2020In4Words,1
AmericanSamoa,1
Batmobile,1
Xbox,1
DiamondsDancing,1
NewYorkTimes,1
TheFederalist,1
jihyo,1
KIISGrammys,1
Jaehyun,1
BMWChampionship,1
CrookedJoeBiden,1
Annabelle,1
SaidDuringBoardGamesAndSex,1
JusticeForToyin,1
snapchatdown,1
BabyNut,1
fireworks,1
billboardcountthe10k,1
WorstThingsToYellOutAfterSex,1
Fink,1
JoeBrady,1
WELOVEYOUZAYN,1
RonanFarrow,1
Neymar,1
Carti,1
JonMiller,1
kenosha,1
UFC253,1
NationalStudentAthleteDay,1
Sharpay,1
JoshSmith,1
IndigenousPeoplesDay,1
KarolG,1
RayCiccarelli,1
AhmaudArbery,1
RHS2,1
ImpotusAmericanus,1
TheLorax,1
OnlyFans,1
AliensGaveMe,1
WorldRadioDay,1
Mauve,1
FascistTrump,1
StPatricksDay,1
Fitz,1
RubiRose,1
EnolaHolmes,1
TedLieu,1
babygate,1
APLang,1
CardiBIsOverParty,1
BestDateIn4Words,1
ThanksToVideoGames,1
Iranattack,1
HOMEcoming,1
TheStrokes,1
LawEnforcementAppreciationDay,1
Qinni,1
JonesDay,1
Xenoblade,1
DearRestoftheWorld,1
PresidentSnowflake,1
RIPNIP,1
HervisRogers,1
TurnThePartyON,1
TonyBobulinski,1
CoronaCrisis,1
Tanaka,1
minneapolisriots,1
ThanksPlannedParenthood,1
thursdayvibes,1
ThankYouNamjoon,1
JoeBidenIsRacist,1
Cyberpunk2077Sweepstakes,1
BernieComeBack,1
BeforeWeHaveSexWeShould,1
WisconsinPrimary,1
LisSmith,1
JuneisforLGBTQ,1
GetWellSoonHaechan,1
BillBurr,1
ps5preorder,1
WinnieThePoohDay,1
WallStreetPete,1
RossPerot,1
LarenzTate,1
Gettysburg,1
WatchtheThrone,1
DaisyMae,1
Election2020results,1
UFC248,1
kcon,1
NationalDonutDay,1
ChristineODonnell,1
MichaelBrooks,1
Happy,1
Yelp,1
Catholic,1
HOBI,1
brockhamptonisoverparty,1
NotDying4WallStreet,1
Brad,1
AskBloomberg,1
ChristianCooper,1
NBAAllStarGame,1
MixItUp,1
FreeGamingPCFriday,1
TrumpRallyFail,1
ASTRO,1
NationalCoffeeDay,1
ProudOfLouis,1
Garcia,1
Nikki,1
DavidMcAtee,1
HAPPYBIRTHDAYDREAM,1
Canada,1
LucilleBall,1
NeoZoneOUTNOW,1
FridayVibes,1
BatAppreciationDay,1
BlameTrump,1
4thofJuly,1
KrisJongUn,1
JerryJeffWalker,1
IndependenceDay,1
IdrisElba,1
Benn,1
Birks,1
NBAPlayoffs,1
TeamSnapchat,1
WaltHarris,1
VanNuys,1
Luigi,1
jojosiwa,1
Varane,1
JojoSiwa,1
GoPackGo,1
ChrisDElia,1
TouchIt,1
ThankYouEpicGames,1
GeorgeCarlin,1
SammyHagar,1
BigGretch,1
Jhen,1
If2020WereAnAlcoholicDrink,1
Tati,1
UniversityofDayton,1
Trina,1
NeverForget,1
HappyCincodeMayo,1
AuntBecky,1
Leroy,1
IStandWithBernie,1
StartMagic,1
Zelle,1
LowIQ,1
Blazers,1
BidenHarris2020,1
ColeWorld,1
LisaRaye,1
Tatis,1
AaronGordon,1
AmericaStrongerWithBiden,1
SongCry,1
BETTERBYZAYN,1
WriteinBernie,1
IfICouldTurnBackTime,1
Kelis,1
AnthonyDavis,1
Flint,1
JoeStaley,1
CoronaVirusUpdates,1
AustinPeay,1
AhmaudAubrey,1
SteveJobs,1
BriansSong,1
VinceYoung,1
Babyface,1
PokemonSnap,1
LeftHandersDay,1
MilesMorales,1
IStandWithGayle,1
iHeartDay3Contest,1
ilovepublicschools,1
Malia,1
TrumpCrimeFamily,1
HappyBirthdayMack,1
GHerbo,1
Hopper,1
MarkJackson,1
heygirlitsmybirthday,1
JimJordan,1
Harryween,1
marketcrash,1
SATs,1
Rush,1
JayCutler,1
1DConcertOnlineStayAtHome,1
spermiesgoingtojailparty,1
dylanobrienisoverparty,1
Shego,1
CamillaLuddington,1
Chucks,1
JohnBarron,1
PresidentPlump,1
AshleyJudd,1
BTSonFallonD5,1
PompeoMeltdown,1
TravisPorter,1
Harper,1
OnMyBlock,1
RedSox,1
XA12,1
TrumpChinaBankAccount,1
WeBuildtheWall,1
FirstContactDay,1
Assange,1
AnnieGlenn,1
500Billion,1
AR14,1
Giroud,1
BorisJohnson,1
Dominion,1
Nars,1
DocRivers,1
HBDtoWONHO,1
MarthaStewart,1
backtowork,1
ARMYDAY,1
JohnnyNash,1
coronavirususa,1
BTSCarpoolTONIGHT,1
TimeToTransition,1
BlueJays,1
WarmDrink,1
GenZ,1
LindseyGrahamIsLosing,1
NationalNursesDay,1
WakeUpSunshine,1
ToAllTheBoysPSIStillLoveYou,1
SS,1
MaureenDowd,1
Kassian,1
CarlReiner,1
SenatorWarren,1
LoseAnArgumentIn3Words,1
GossipGirl,1
StatenIsland,1
hoax,1
Nuremberg,1
VforVendetta,1
Lysol,1
StayGoldMV,1
PORTOFCALL,1
Lopez,1
Kamikaze,1
IronMan3,1
quarantinedLGBTQ,1
Charlamagne,1
OscarIsaac,1
JordanPeele,1
Orcs,1
Lebanon,1
NationalNewJerseyDay,1
WhyIDontLikeTrump,1
WomenForBernie,1
Gilead,1
Trump,1
55ofAmericans,1
Knicks,1
RIPTraderJoe,1
Edmund,1
JamieDimon,1
KyleLarson,1
ArborDay,1
Revis,1
EvaLongoria,1
RichardDawson,1
ReleaseTheJJCut,1
JohnLennon,1
Bucks,1
PresidentWarren,1
Django,1
TheMarathonContinues,1
E3Cancelled,1
IraniansDetestSoleimani,1
TomRidge,1
TOBTS,1
TransDayOfVisibility,1
RussianTV,1
BarronTrump,1
TheExorcist,1
Amash,1
WhatIRememberFrom2019,1
Shes15,1
JentuckyFriedChicken,1
Jeudy,1
SantaCruz,1
BobGibson,1
MITB,1
Maude,1
Flies,1
VoteHimOut,1
bucciovertimechallenge,1
BetaRayBill,1
PragerU,1
chasebank,1
IsAConspiracyTheory,1
CookieCrisp,1
HughDowns,1
californialockdown,1
BigTimeSocialists,1
TakeTrumpOffTwitter,1
CaptainHook,1
PRETTYMUCHISOVERPARTY,1
BillWithers,1
JadaFire,1
finalfantasy7remake,1
WorldsCollide,1
Fournette,1
ByeByeBernie,1
WitnessesAndDocuments,1
BiVisibilityDay,1
OhLiz,1
NationalAnimeDay,1
HS1turns3,1
Weply,1
JoeHiden,1
Arby,1
Steph,1
RobertConrad,1
TrumpDepression,1
WhereIsTheRiver,1
Neera,1
Reds,1
21stofSeptember,1
AllenWest,1
NationalAviationDay,1
LukeCombs,1
UncleHowie,1
ReyKenobi,1
Thiago,1
Bell,1
LouisLive,1
HeisRisen,1
UniteWithBernie,1
KingTrump,1
UFCRioRancho,1
DDay,1
Oktoberfest,1
EqualRightsAmendment,1
Brent,1
BobKnight,1
BobbyBonilla,1
Mika,1
TreySongz,1
YourLove,1
TomArnold,1
Buckhead,1
ThePSP,1
JENO,1
NationalPuppyDay,1
SheRaMovie,1
Caren,1
Blindsided,1
KingLear,1
GuyFieri,1
nickwilde,1
GamingConfession,1
TrumpIsPathetic,1
PlanetoftheApes,1
RedVines,1
TheOcho,1
AlwaysProud,1
Pennzoil400,1
TimApple,1
itstheLGBTQ,1
BobWatson,1
HappyBirthdayYoongi,1
FvckTheFourth,1
Nudy,1
stayhomechallenge,1
TrumpDevastation,1
DarkNetflix,1
YouShouldntHireMeBecause,1
Endor,1
Gostkowski,1
poopchallenge,1
CTVivian,1
HottiesAtHome,1
wonwoo,1
wwlll,1
USPSProtests,1
TomSeaver,1
NoRussian,1
VegasNYE,1
MelTucker,1
QueenElizabeth,1
FireDesire,1
GWTW,1
Sum2Prove,1
that70sshow,1
iHeartDay2Contest,1
TrumpFearsBernie,1
CHEMUN,1
LoganAct,1
AndrewJackson,1
InternationalCatDay,1
NoPressure,1
SignsYouMightBeDreaming,1
TrumpMadness,1
Merrick,1
Jongdae,1
TrumpHatesOurMilitary,1
BoycottNBC,1
Phora,1
AvengersCampus,1
FallonAsksBTS,1
MythsAboutGenderRoles,1
KingsDisease,1
sameartist,1
WorldPhotographyDay,1
CoronavirusLockdown,1
WWEChamber,1
AntonioBrown,1
KenBone,1
AGUSTD2ISCOMING,1
BigPoppa,1
ChrisTucker,1
NationalCancerSurvivorsDay,1
HeWentToJared,1
IslandsintheStream,1
DustinColquitt,1
SpeakUpVoteBiden,1
okcbombing,1
Equifax,1
XFLfootball,1
BigMouth,1
TrumpImpeachmentTrial,1
LockdownEnd,1
SHINeePavedTheWay,1
BobIger,1
Cormier,1
UFC246,1
MarcoRubio,1
Toph,1
MattLauer,1
GlobalCitizen,1
SuperDuperMissile,1
SeduceMeIn5Words,1
BobbyShmurda,1
Hydroxychloroquine,1
FreeWoj,1
Keem,1
Chomsky,1
TylerHerro,1
WomensMarch2020,1
MoscowMitchMcConnell,1
BatmanDay,1
70days,1
CocaCola600,1
8yearsofFifthHarmony,1
19thAmendment,1
AlexGordon,1
IvyQueen,1
PeteRose,1
ChildishGambino,1
MentalHealthAwarenessMonth,1
BoyScouts,1
RareOutNow,1
JBalvinIsOverParty,1
WAPParty,1
TOXICITYCHECK,1
JaredKushner,1
WorldAutismAwarenessDay,1
JusticeForJohnnyDepp,1
junmyeon,1
PeteWeber,1
TimesSquare,1
CancelKimmel,1
WHEREISYOONGI,1
Stadia,1
EzraMiller,1
SplashMountain,1
TheLastofUsPartII,1
Vindman,1
pissbaby,1
WatermelonSugarDay,1
TrumpBurialPits,1
QuaratineLife,1
RockHall2020,1
ObamaDayJune14th,1
WorldOceansDay,1
Tomi,1
NationalCheeseburgerDay,1
LGBTQof2020,1
BigSean,1
WinterBear100M,1
fortniteevent,1
FloMilli,1
NationalPetDay,1
TheFonz,1
FavoriteFinalSmash,1
1619Project,1
Travis,1
SCprimary2020,1
WomenAgainstTrump,1
Kentucky,1
AnimalControl,1
IrrfanKhan,1
PercyJackson,1
Jussie,1
WELOVEYOUHARRY,1
bunb,1
RonPerlman,1
SayHerName,1
Philly,1
2KDay,1
RealGenius,1
SaintLilRon,1
InternationalPodcastDay,1
PardonMeTrump,1
iOS14,1
HowYouKnowYouAreBroke,1
TrumpIsARussianAsset,1
WorstWayToEndAnArgument,1
Coronavirusflorida,1
PGEra,1
LauraLoomer,1
SteveScully,1
TheBoxer,1
MerrickGarland,1
Shadow,1
FlyEaglesFly,1
DTLA,1
WorldEmojiDay,1
PapaMochi,1
MeganFox,1
Mail,1
HurricaneDelta,1
Cinnabon,1
TheEyesofTexas,1
Darth,1
Sabrina,1
KeenanAllen,1
Happy4thofJuly,1
SerenityNow,1
Infowars,1
NOTMYCAT,1
AllenRobinson,1
SuperBowl,1
What15,1
DreamWithHarry,1
HappyBirthdayMarkiplier,1
ExposeBillGates,1
JusticeForJacob,1
Herman,1
SeriesS,1
njcup,1
RayPark,1
HyruleWarriors,1
TrumpIsTheWORSTPresidentEVER,1
Britney,1
freesza,1
Apple,1
IowaCaucas,1
Happy31,1
Tulane,1
Gorsuch,1
QuarantineABook,1
AllAboutLuv,1
AliensExist,1
IsaacAsimov,1
AIDS,1
GameGear,1
ChrisChristie,1
TexasRoadhouse,1
WallOfVets,1
KyleBusch,1
JusticeForCarolyn,1
GuyPhillips,1
McCloskeys,1
TaylorSwift,1
BidenHarrisLandslide2020,1
BumbleBee,1
NewRochelle,1
HuntingtonBeach,1
SuperTuesdayResults,1
Sampha,1
ToAlltheBoys2,1
IStandWithFauci,1
MikeOMeara,1
Kendrick,1
OurPresidentBernie,1
AnimalCrossing,1
TheTitleOfTrumpsMemoir,1
RyanGarcia,1
UFCFightIsland4,1
Bryson,1
Thundercat,1
everythingmeansnothing,1
Satanic,1
iPhone12,1
5PerfectMovies,1
RonJeremy,1
BoBichette,1
ThreeHouses,1
ReopenAmerica,1
noahbeckisoverparty,1
TrumpRecession,1
freemymeal,1
AltonBrown,1
Newsweek,1
ItWasGoodUntilItWasnt,1
Corey,1
LangstonHughes,1
TrumpIsLosing,1
LincolnVoter,1
MakeADogsDay,1
Farrah,1
Nipsey,1
ElPasoStrong,1
AuburnHills,1
SCAD,1
GeorgeConway,1
HappyBirthdayZayla,1
DixieChicks,1
blackAF,1
BoJackson,1
ONchallenge,1
ThankYouDoc,1
Easter,1
Gohmert,1
JackCharlton,1
GirlScouts,1
UFCVegas11,1
Greece,1
BostonTeaParty,1
APPLICATIONS,1
MaryHigginsClark,1
GeorgeWashingtonCarver,1
sydneysweeney,1
AmericasGreatestPresident,1
DTB4Life,1
Lonely,1
DemocratsAreDestroyingAmerica,1
FatalAffair,1
NationalComplimentDay,1
DanSchneider,1
Ben10,1
Gundy,1
CancelEverything,1
Dior,1
BunkerBoy,1
TomHerman,1
SpreadLove,1
KenandKaren,1
GaryTrent,1
NationalHotDogDay,1
TheyAllKnew,1
PRIDE2020,1
AdamSchiffROCKS,1
Wildflower,1
WhiteLifeMatter,1
DoNotOpenCalifornia,1
MikeDitka,1
TrumpThreatensAmerica,1
Wizkid,1
jonghyun,1
RUDEandNASTY,1
TrumpGraveDancer,1
LivingOnValuedEnergy,1
StLouis,1
HOWCRAZY,1
BSmith,1
AmericaConTrump,1
Chattanooga,1
suho,1
Smino,1
Dunkey,1
QUEENOFBROKENHEARTS,1
Alinity,1
Frozen2,1
NationalBestFriendsDay,1
Spongebob,1
WholeLottaChoppasRemix,1
Dexter,1
JimCramer,1
Juneteenth,1
Lenin,1
Fairway,1
njnbg,1
jamescharlesisoverparty,1
Glover,1
PercyHarvin,1
MaliaObama,1
MinneapolisRiot,1
becomingnetflix,1
TonyFernandez,1
Dabi,1
SweetCaroline,1
Woodley,1
YomKippur,1
WearADamnMask,1
BettyWright,1
Shrek2,1
BoycottStateofUnion,1
catsjudgingkellyanne,1
DrPhil,1
RichMitch,1
TI,1
morbidlyobese,1
MiniMike,1
YouTubeTV,1
jimmyfallonisoverparty,1
AlexanderWang,1
GOVOTE,1
GirlDad,1
BlackLivesMattter,1
PawPatrol,1
SeduceSomeoneIn4Words,1
CodyBellinger,1
BlakeSnell,1
MiaKhalifa,1
NonBinaryDay,1
Sade,1
Khloe,1
GrandmaKiller,1
personwomanmancameratv,1
ThankYouElizabeth,1
RichardDawkins,1
PandemicSexTapeTitles,1
WhereIsJoe,1
AprilFools,1
HamiltonFilm,1
themasters,1
APScores,1
Chance,1
Wayfair,1
DeathValley,1
PronounsDay,1
BryanAdams,1
DowntownNashville,1
StarTrekDay,1
NeilPeart,1
7ToEternityWithBTS,1
IfTwitterEndedTomorrow,1
Slovenia,1
HappyBirthdayJhope,1
BITCH,1
Messi,1
applejuice,1
OmarJimenez,1
AITA,1
TeacherAppreciationWeek,1
NoMoreDreamIsComing,1
LOONAISBACK,1
Tidal,1
SayHisName,1
AmericaNeedsBiden,1
Chainz,1
JosephLowery,1
Morris,1
13reasonswhyseason4,1
ElonMusk,1
Cantu,1
PeteHamill,1
Honeywell,1
animefilter,1
Eminem,1
DickCheney,1
WhatIThinkIn5Words,1
Omaha,1
RNC2020,1
ThatsWhatImSaiyan,1
IanDesmond,1
Bonnaroo,1
MarvinLewis,1
BrianDennehy,1
NationalBeerDay,1
HisnameisJustinHowell,1
Connie,1
RichardMarx,1
LittleRichard,1
Hoda,1
Praying,1
RobertSmith,1
KimberlyGuilfoyle,1
thankapoliceofficerday,1
BradPitt,1
StanleyTucci,1
TiffanyTrump,1
NationalDressUpYourPetDay,1
HunchoJack,1
JohnnyDepp,1
BTSxCorden,1
HillbillyElegy,1
HappyBirthdayChrisEvans,1
GeorgeFloydMemorial,1
BTSComeback2020,1
entanglement,1
MikalBridges,1
LastChanceU,1
EternalAtake,1
Etika30,1
8cantwait,1
Wendy,1
10milliondreams,1
Dearra,1
TomPerez,1
RightMatters,1
PaulWalker,1
ChuckBass,1
Russia,1
Superdelegates,1
NationalHugDay,1
WearRedDay,1
KushnerIsAnIdiot,1
CharlieDaniels,1
Inuyasha,1
SquirrelAppreciationDay,1
SpiderMan2,1
FloridaMorons,1
Latina,1
AK47,1
PowerSeason6,1
Yamiche,1
WELOVEYOUNIALL,1
ThankYouHaikyuu,1
GOPCowards,1
dershowitzlogic,1
Barca,1
under1kgang,1
HSMTMTS,1
FartingCrickets,1
Nuns,1
EmotionallyScarred,1
TomBrady,1
JusticeForAhmaud,1
DougJones,1
ImWithHer,1
AnthonyJoshua,1
Yandel,1
AndyReid,1
UFCVegas3,1
BlackOutTuesday,1
reylolove,1
SocialSecurity,1
EdHenry,1
GothIHOP,1
KobeRIP,1
WhereIsTrump,1
UFCVegas12,1
OANN,1
TakeHerOut,1
Creek,1
ILikeBernie,1
Bauer,1
DavidOrtiz,1
AppreciateADragonDay,1
RebeccaBlack,1
TOTLIV,1
Yosemite,1
TAEIL,1
SayNoToPeopleWho,1
Biden264,1
RoundTwo,1
ImVotingForJoe,1
NationalPieDay,1
Dolphins,1
Ramsey,1
NicolePoturalski,1
InternationalAssDay,1
Epstein,1
Funeral,1
BrandonRoy,1
PiDay,1
WAP,1
PhilCollins,1
Tank,1
Tarzan,1
OrangeFace,1
HankHill,1
AmericaRises,1
Trevor,1
AgentsofSHIELD,1
MegynKelly,1
CamNewton,1
InsteadOfNudesPleaseSend,1
RevengeOfTheFifth,1
YangWasRight,1
McMuffin,1
InnerChild,1
BornSinner,1
QuarantineAndChill,1
WhiteLivesMatter,1
Looting,1
AustinRivers,1
DemiLovato,1
TrumpFailed,1
Booger,1
ProtectUSPSwhistleblowers,1
NationalNonprofitDay,1
WeRespectVets,1
LizCheney,1
OwlPharaoh,1
Boeing737,1
AlwaysMyLightYunho,1
BillyPorter,1
ListenToYourHeart,1
Lecrae,1
MapOfTheSoulOne,1
VoreDay,1
HomeDepot,1
WhyWeHadAngrySex,1
ChristopherTolkien,1
MyPillow,1
TrumpTerroism,1
Dunkaroos,1
Lucifer,1
NationalHamburgerDay,1
MyQuarantineInSixWords,1
DarkwingDuck,1
2Trillion,1
RayshardBrooks,1
SummerWalker,1
OnlyBernie,1
Cespedes,1
JUNETEENTH2020,1
Murray,1
HartIsland,1
TheWorstEndingEver,1
HowIFoundTheGSpot,1
HappyCentennial,1
StupidThingsTrumpHasDone,1
FrenchRevolution,1
TrumpIsAnIdiot,1
ShamanKing,1
GamerGirl,1
MattRyan,1
RIPAmerica,1
TrumpCoronavirusTestFailure,1
ChuckNorris,1
OliLondonDeactivatedParty,1
Blago,1
YouShouldBeSad,1
NationalVideoGamesDay,1
NationalTattooDay,1
TheCraft,1
BloombergIsRacist,1
Medicaid,1
Kente,1
SusanSarandon,1
Mariano,1
NobodyLikesMe,1
DennisHastert,1
FoundYouAttractiveUntil,1
ILeftTheGOP,1
WheresMitch,1
IWGUIW,1
ww3memes,1
Soledad,1
Yvonne,1
Bailey,1
nflschedulerelease,1
DavidLuiz,1
ProjectVeritas,1
Ferg,1
baekhyun,1
Murkowski,1
DearKevin,1
Dolly,1
NationalSuperheroDay,1
GaspingForAir,1
ByeLindsey,1
DavidFletcher,1
Tannie,1
NationalIceCreamDay,1
Nobel,1
Harvard,1
ToryLanez,1
talkwithbright,1
BLACKOUTDAY2020,1
FutureNostalgia,1
jikook,1
PayItForwardLIVE,1
WynonnaEarp,1
Wilpons,1
HollywoodJustFoundOut,1
FredWillard,1
VanessaHudgens,1
Hagrid,1
BryceHall,1
NAMGI,1
DavidByrne,1
MLKDay,1
DeSeanJackson,1
LetTheMusicPlay,1
campingworld,1
JulyorAugust,1
BailOutPeopleNotCorporations,1
LGBTQIAofTwitter,1
McGregor,1
NancyPelosiROCKS,1
DearCanada,1
Dynamite100MViewsIn24Hrs,1
SethRogen,1
TerryGilliam,1
BillandTedDay,1
DisgustMeIn4Words,1
Marnie,1
BobDole,1
PresidentialDisaster,1
NeoZoneMiniTracks1,1
SexSoLoudThat,1
BernieSurge,1
NationalMargaritaDay,1
MyHeadphones,1
WWEBacklash,1
Gurley,1
TheWood,1
MittRomney,1
TameImpala,1
Vacaville,1
Venom,1
LaunchAmerica,1
Vidor,1
StuartGordon,1
ScientificAmerican,1
Academy,1
MemorialDayWeekend,1
LaCasaDePapel4,1
GordonBombay,1
TerrenceJ,1
AlwaysOurStarSeonghwa,1
iHeartAwards,1
EmpireStateBuilding,1
HitlerYouth,1
girldad,1
NFLHonors,1
LeapDay,1
alexademie,1
ICouldBeHealthierBut,1
JohnnyTest,1
YoungCurt,1
12milliondreams,1
ImpeachmentTrial,1
CactusJack,1
QuaratineAndChill,1
idontfeelracist,1
Deadpool3,1
Payback,1
neveraloneLGBTQ,1
MidnightMoscowMitch,1
PresidentElizabethWarren,1
Fall2021,1
NGWSD,1
brendonurieisoverparty,1
AaronDonald,1
HoneyPot,1
35MILLION,1
Dubstep,1
DSmoke,1
Guts,1
meandurghost,1
MemorialDay,1
JesseJackson,1
JohnPrine,1
Cudi,1
Quebec,1
PIT4BUSCH,1
GaryBettman,1
Justice,1
PitDark,1
VeronicaMars,1
Hannity,1
Republicans,1
MatchDay2020,1
Semitic,1
PPEtoChina,1
40Republicans,1
HORSE,1
1YearOfLightsUp,1
HongKong,1
Gallant,1
Molly,1
Gosar,1
PiersMorgan,1
BarrySanders,1
ImWithFred,1
JuanRamirez,1
CancelNetflixATLALiveAction,1
protests2020,1
HazbinHotel,1
RoseBowl,1
WorstThingToYellOutBeforeSex,1
TimScott,1
StrangeBrew,1
Bronco,1
PrettyRicky,1
VotingRightsAct,1
StanleyHo,1
GoStars,1
JesseVentura,1
AllCountriesMatter,1
WorldTeachersDay,1
TVAzteca,1
RHOSLC,1
GeorgeZimmerman,1
ClintonFoundation,1
YoungBoy,1
ArtistoftheSummer,1
SpiderManDay,1
KimYoJong,1
HIAC,1
VanillaIce,1
ILANDTheFinale,1
ValentinesDay,1
CNNTownHall,1
Latinos,1
UDFA,1
PurpleHeartDay,1
UCLfinal,1
CoronavirusPandemic,1
Negro,1
Adonis,1
Swan,1
RushLimbaugh,1
Biden2020,1
PresidentObama,1
IKnewIHadCabinFeverWhen,1
Coronovirius,1
Dads,1
AuroraPD,1
KennyStills,1
TracyMorgan,1
AmericanTaliban,1
AllBuildingsMatter,1
JohnnyCash,1
GroundhogDay,1
AndreHarrell,1
YOUARENOTAKING,1
CongressPassUBI,1
KellyPreston,1
Vine,1
CNNisTrash,1
JesusMatters,1
COVID2019,1
Irene,1
Challenger,1
WorldGothDay,1
Shes30,1
MasterP,1
justinbieberisoverparty,1
Brayden,1
ImpeachBarrNow,1
YikesOutNow,1
BellLetsTalk,1
LockdownNow,1
eBay,1
DonnaBrazile,1
MySexHorrorStory,1
PentagonLeak,1
WhiteBlessing,1
ByeDonJr,1
Trapsoul,1
EmployeeAppreciationDay,1
TeacherAppreciationDay,1
VirginiaRally,1
RussianGP,1
PresidentBush,1
NayaRivera,1
BeBest,1
FionaApple,1
TrumpTerrorism,1
Akon,1
ImVoting4BidenBecause,1
ProudOfHarry,1
RIPLonnie,1
ImpeachmentDay,1
JinOurMoon,1
AmberRose,1
twitterLGBTQ,1
Filter,1
BloodOnHisHandsHannity,1
JordynWoods,1
AlyssaMilanoIsALie,1
SHUTYOURMOUTH,1
Angelina,1
KatherineJohnson,1
TheCNN,1
TheParkers,1
WorldReadAloudDay,1
Prius,1
BillBennett,1
Cubs,1
HarryOnHits1,1
LetTulsiDebate,1
Fantano,1
TrumpIsCompromised,1
HAPPYBIRTHDAYKAT,1
SR71,1
NoCap,1
GenghisKhan,1
Telemundo,1
NeilDiamond,1
Namjin,1
trumpcovidfails,1
Candace,1
whyididntreport,1
RightMattersTruthMatters,1
LGBTQuarantine,1
2YearsWithEuphoria,1
JoeJudge,1
Partey,1
Marah,1
JakeFromm,1
Souplantation,1
CHILOMBO,1
RubyWoo,1
MorganWallen,1
UFCBrasilia,1
Wine,1
TheGood,1
Jets,1
FrankOcean,1
InsideXbox,1
LOONASOWHAT,1
YHLQMDLG,1
ScottCawthon,1
Game4,1
DocEmrick,1
Rigby,1
TrumpPandemic,1
KimJongUn,1
TrumpGolfsYouDie,1
iHeartDynamite,1
NYPost,1
SafeSexTipsDuringQuarantine,1
Clive,1
2020in4Words,1
VoteBlueToEndTheNightmare,1
nastywoman,1
FrenchMontana,1
ThenWeStartedHavingSex,1
SexGoneWrongIn5Words,1
FortunateSon,1
VoteOutHate,1
Suicide,1
DevPatel,1
NoNutNovember,1
AlaskaHappyHour,1
WWESSD,1
911iscoming,1
TrumpCovid19,1
AnimalCrossingSwitchGiveaway,1
VoteEarlyDay,1
ThingsIUsedToLikeButDontNow,1
TheBachelorette,1
DonnaReed,1
ViolaDavis,1
TroyDaniels,1
SpaceJam,1
JanuarytoJune,1
FirstBTSMV,1
Zeds,1
DavidLynch,1
TrumpOwnsEveryDeath,1
GOPElectionBoycott,1
Lowe,1
GivingTuesdayNow,1
LordandTaylor,1
shutdownNYC,1
TheVarsity,1
MONSTAXFANTASIA,1
Artist20,1
kpophelpdttwt,1
Ponce,1
LivingSingle,1
Roses,1
CallTheElection,1
LandonClifford,1
Columbus,1
ImpeachTrumpAgain,1
BillOBrien,1
IAmGettingSoTiredOf,1
LetitiaJames,1
ActAge,1
NationalCoachesDay,1
Mannie,1
ChrisSmoove,1
EllaJones,1
BernieMac,1
MikeTrout,1
AgeofUltron,1
Beethoven,1
HowardUniversity,1
Sevilla,1
FortHood,1
NWTS,1
NFLKickoff,1
NeverTrustAPersonWho,1
NYTEditorialBoard,1
Administrative,1
NationalChickenWingDay,1
BlackPanthers,1
BillboardHot100,1
IllinoisNazis,1
BabyPluto,1
SantaAna,1
ansel,1
MarcusSmart,1
CardaleJones,1
Quaden,1
ChokeholdMitch,1
Verdugo,1
Camden,1
ElectionEve,1
DragonTales,1
DallasClark,1
JillianMichaels,1
StarsandStripes,1
Axios,1
Cupid,1
TrumpKillsFlorida,1
shawnmendesisoverparty,1
BillClinton,1
BernieKnew,1
KennethWalker,1
Selfless,1
SuperSaturdayNight,1
WeWantWitnesses,1
InaGarten,1
NationalMascotDay,1
Konami,1
JROTC,1
BANGBANGCOND2,1
WorldWarSix,1
Giphy,1
WhiteMaleRage,1
MartyByrde,1
TinkyWinky,1
JeepersCreepers,1
SavedbytheBell,1
ByeTiffany,1
PuppyChow,1
Icebox,1
iHeartBTS,1
MikeGundy,1
MidnightSun,1
CarlyFiorina,1
ripellen,1
13ReasonsWhy,1
HilaryRosen,1
CancelStudentDebt,1
InternationalWomensDay,1
IranVSAmerica,1
CNNisGarbage,1
JessicaKrug,1
10thAmendment,1
SuicideSquad,1
BettyWhite,1
TrumpSlump,1
Excel,1
GregAbbott,1
Silento,1
Started2020,1
hotboysforbernie,1
ITZYNotShy,1
ScottWalker,1
MeToobin,1
EddieHaskell,1
IowaCaucusDisaster,1
RandyOrton,1
Marlo,1
Mesopotamia,1
TakeCareSeungri,1
TheOnion,1
Joker,1
SkaiJackson,1
Zagreb,1
DennisMiller,1
PreOrder7,1
Suburban,1
Turkey,1
Newman,1
TrumpIsNotADoctor,1
JamesBaldwin,1
OperationWarpSpeed,1
TonyGwynn,1
LarryKramer,1
TajMahal,1
CountEveryVote,1
Rashad,1
Bethesda,1
Arozarena,1
BlueIvy,1
BernieOrBust2020,1
NobodyArtistClub,1
manicthealbum,1
Renee,1
WeatherUnderground,1
AskAGBarr,1
BoomerRemover,1
MayoClinic,1
TerryCrews,1
WorldSmileDay,1
ScottPilgrim,1
BobDylan,1
ONVIDEOPARTY,1
JeffreeStarByeBills,1
TrumpVirusDeathToll193K,1
Backes,1
woojin,1
SorryRobert,1
HighFidelity,1
Byleth,1
MichaelThomas,1
LLJW,1
HaitianFlagDay,1
UnrealEngine5,1
ClubQuarantine,1
IAmLegend,1
JosephCampbell,1
WWII,1
BTSGAME,1
Draya,1
Lilo,1
AnimeAwards,1
CurlyNeal,1
SusanCollins,1
EasterMassacre,1
Order66,1
lpshowact2,1
joekeery,1
CitrusBowl,1
KennyRogers,1
ByeByeTrump,1
HappyBirthdayRihanna,1
Ebola,1
WizardofOz,1
2020SoFar,1
FakeMelania,1
TheyKnew,1
ThingsRichPeopleBuy,1
CastleRock,1
SARSMUSTEND,1
Reckful,1
GreenDay,1
Sohla,1
GokuDay2020,1
JamalCrawford,1
Buckner,1
Yellow,1
JohnCusack,1
BlackLivesMattters,1
GetWellSoonJongho,1
FoxNewsLiedAsPeopleDied,1
FavoritePokemon,1
DearRepublicans,1
Astroworld,1
RIPMO3,1
BlackHistoryMonth,1
LongLiveNip,1
DannyDevitos,1
RuinAMovieWithOneWord,1
Liverpool,1
TrumpsWarOfMassDistraction,1
LakeWorth,1
HumanCapitalStock,1
DrakeBell,1
JillStein,1
DrewBreesIsCancelled,1
Tata,1
MakeItMeanMore,1
EddieSutton,1
Dilbert,1
IfCovidNeverHappened,1
COVID19Pandemic,1
KennyAtkinson,1
WelcomeBack,1
BTSxBBMAs,1
DictatorTrump,1
CrackerBarrel,1
CheesecakeFactory,1
KingofVentilators,1
DirectionersWithArmy,1
ShameOnJonesDay,1
DonaldTrumpIsTheTypeOfGuy,1
4Albums,1
ThankYouPresidentTrump,1
TheNRA,1
Sanofi,1
JonHamm,1
JoeDiffie,1
MamaCoco,1
ElmerFudd,1
tuesdayvibe,1
TaylorAllderdice,1
MansplainingIn5Words,1
broomstickchallenge,1
Doja,1
TrumpCantKeepItUp,1
Dynamite100M,1
AnnaMayWong,1
NoSimpSeptember,1
QuarantineQuotes,1
Barter6,1
Hercules,1
JohnThompson,1
DustyBaker,1
JustinTurner,1
Bagg,1
BindiIrwin,1
Germany,1
5thofNovember,1
ATEEZistheANSWER,1
Option2Bernie,1
Inglewood,1
Toonami,1
TheLastTimeIHadMakeupSex,1
RhodesScholar,1
Israel,1
BradleyBeal,1
HeartbreakWeather,1
Jeter,1
BTSxCottonBowlD1,1
WareStatePrison,1
Marlins,1
MinajInMiami,1
JessicaAlba,1
Bangladesh,1
Bibi,1
SearsTower,1
Opie,1
WashingtonFootballTeam,1
FlagDay,1
DescribeTigerKingIn5Words,1
JoeyChestnut,1
BrettPhillips,1
Chadwick,1
DonaldTrumpIn5Words,1
MarkWahlberg,1
Ether,1
Voted,1
WorstPresidentInHistory,1
NepotismBarbie,1
FREEZAYN,1
ThingsICanNoLongerDo,1
UnclePhil,1
OregonFires,1
CoryGunz,1
Selena25,1
HouseofAnubis,1
dojacatisoverparty,1
TonyHawk,1
RedRiverShootOut,1
Ayesha,1
2Virgils,1
TrumpKillsUS,1
11YearsWithOutMichaelJackson,1
Harrisburg,1
EgoIsComing,1
kpopisoverparty,1
Barboza,1
WilliamMoon,1
CharlieSheen,1
LouHoltz,1
LaParka,1
RamadanMubarak,1
Vegemite,1
Skadi,1
AaronHernandez,1
MattGaetzIsAQuarantinedTool,1
FathersDay,1
firstdayofspring,1
ProsecuteTrump,1
Bernie,1
Nigeria,1
XSXFridgeSweeps,1
LukeWalton,1
WELOVEYOU1D,1
SteelyDan,1
BabyJabba,1
MeganTheeStallionLive,1
BabylonBee,1
TrumpGenocide,1
Kathy,1
Massie,1
Kayne,1
AlienDay,1
TompaBay,1
ChesterBennington,1
UFCVegas8,1
ErnestHemingway,1
StayTheFHome,1
Dumbkirk,1
TrumpHasNoCredibility,1
HowardZinn,1
ThirdAmendment,1
RainOnMe,1
CoryBooker,1
ElizabethWurtzel,1
TrumpResignNow,1
NFLDivisionalRound,1
Tori,1
GoodTimes,1
SuperTuesday,1
LockUpBryanSinger,1
Goodyear,1
TeamB,1
LiesTrumpHasTold,1
KitKat,1
EdgarAllanPoe,1
Kaskade,1
Spotify,1
DCFanDome,1
ManCity,1
HereWeGo,1
AllVotesMatter,1
Norbes,1
PenceIsAnIdiot,1
TrumpVirusDeathToll186K,1
GlizzyGladiator,1
BLACKPINK,1
jamescorden,1
NHLTradeDeadline,1
PastorTroy,1
PrayForYe,1
UnderGod,1
SUGASPREE,1
GISH,1
BobbyOrr,1
WelcomeBackScoups,1
Aaliyah,1
NancyDrew,1
NewGuy,1
ChuckWendig,1
MINvsNO,1
FreeBritney,1
DearApril,1
WearAMask,1
WorldWarThree,1
Dawkins,1
MapOfTheSoulOneD2,1
JBChanceHoly,1
WorldCancerDay,1
Minecraft,1
Azealia,1
CartoonsThatShouldReturn,1
Sydow,1
BirthdayParty,1
NationalCatDay,1
MarkMcGrath,1
CancelNetflix,1
Desires,1
LGBTQProud,1
YangWillWin,1
DrDesai,1
InspectorGeneral,1
NCAA,1
McCabe,1
CincodeMayo2020,1
Karlos,1
DripBayless,1
NeilYoung,1
DAYTONA500,1
Jamaica,1
NationalTeaDay,1
UngodlyHour,1
HoneyBuns,1
satanicpregnancy,1
SBMM,1
SteveNash,1
EatTheRich,1
DelroyLindo,1
TomDempsey,1
Bond,1
KeyGlock,1
GOPCoverup,1
TheNYT,1
Faust,1
Kylie,1
WAPMusicVideo,1
SeanMonterrosa,1
Keke,1
PepeAguilar,1
wrongtrump,1
QuarentineLife,1
JackBlack,1
VirtualBeyond,1
FreeJamesWoods,1
6Rings,1
HelloHanbinIsFree,1
10MoviestoKnowMe,1
FooFighters,1
SanAndreas,1
420day,1
ChuckECheese,1
AppleJacks,1
DemocraticEstablishment,1
hotgirlsforbernie,1
Lucina,1
FloridasCOVID19,1
ModPizza,1
AlKaline,1
TwitterFoodBank,1
HappyPassover,1
MichelleObama,1
asknasa,1
LailaAli,1
MarcShort,1
Coachella,1
DennisQuaid,1
ZachThomas,1
NHprimary2020,1
HotPockets,1
Moderna,1
Blathers,1
StillVotingForYang,1
DaveEast,1
TeenaMarie,1
MenAreNotVeryGoodAt,1
IVoted,1
OklahomaState,1
DescribeAMovieBadly,1
JimBakker,1
TimAllen,1
LeifErikson,1
Gerald,1
Atalanta,1
Sharpie,1
TomPerezResign,1
NaughtyDog,1
AlexisSky,1
NinaSimone,1
JasonLee,1
IBelieveTara,1
SheGotItRight,1
Loma,1
GretchenWhitmer,1
NationalVoterRegistrationDay,1
donaldisoverparty,1
CharlesBarkley,1
ShallowHal,1
OpeningDayAtHome,1
SNLPremiere,1
AnswerUsYoutube,1
BoNix,1
NationalPizzaDay,1
Taeyeon,1
Lindsey,1
Zlatan,1
GotoChina,1
Marsha,1
HellNoJoe,1
Compton,1
Boehner,1
Joanna,1
BornTired,1
MiltonGlaser,1
HisHouse,1
LGBTQpower,1
CoronavirusII,1
Vick,1
Clarissa,1
AttilatheHun,1
ManuDibango,1
Bader,1
SOTU,1
HalftimeShow2020,1
CoronaVirusSeattle,1
minecraftmanhunt,1
LETSLOVESUHO,1
ErikPrince,1
HughHewitt,1
Sally,1
UFCFightIsland5,1
cwspnisoverparty,1
LaMesa,1
DrakeandFuture,1
Ripping,1
AyeshaCurry,1
Kehlani,1
ITrustBernie,1
RIPTwitter,1
AndrewGillum,1
bidenharis2020,1
TakeYourselfHome,1
TomHolland,1
OscarNoms,1
TWUG,1
TrishRegan,1
JoeBidenTVShow,1
Scaramucci,1
HermanBoone,1
EpsteinFiles,1
HoboJohnson,1
TheWire,1
SaltBae,1
NationalNappingDay,1
AlienAntFarm,1
WeLoveYamiche,1
RespectTheFirstLady,1
PokemonDay,1
Minneapolisprotests,1
CurryHouse,1
Mulvaney,1
SavageAnthem,1
UFCFightIsland2,1
BurgerKingIsOverParty,1
WeLoveYouJin,1
Tessa,1
DoomsdayClock,1
HappyBirthdayNiall,1
AngelJennieDay,1
TokyoJetz,1
HDMI1,1
FISHTANKCLEANER,1
HappyBirthdayHarry,1
TrumpLiesAboutCoronavirus,1
Hantavirus,1
Doge2,1
STOPTHECOUNT,1
ImAwake,1
SteveMartin,1
SocialDistanacing,1
Sony,1
victor,1
firstdayoffall,1
GeneralConference,1
Scream3,1
ElAmorNosUne,1
SummerTaylor,1
LifeisGood,1
SecondLookAt7,1
DumbThingsIDidInHighSchool,1
TimesUpBiden,1
NationalChampionship,1
Customs,1
DanSnyder,1
HappyBirthdayNip,1
IDoThisStrangeThingWhere,1
TrishStratus,1
TerryJones,1
Oculus,1
DraftDay,1
MilkDuds,1
JohnMcCain,1
NevadaCaucus,1
Siri,1
Greyhound,1
JimLehrer,1
TheShawshankRedemption,1
MAMAsFanChoiceAwards,1
ReconExpert,1
SkyWilliams,1
BieberVirtualConcert,1
SamWyche,1
Serbia,1
WhiteObama,1
jaehyun,1
Texas2,1
Usman,1
OurHavenBangChan,1
PortlandKidnappings,1
WestPoint,1
Armenia,1
DeltaCEO,1
Chiefs,1
DrewBrees,1
UNCLESUGA,1
AddAWordRuinABook,1
Degrassi,1
RussianVaccine,1
DrivingRelief,1
TayK,1
EnnioMorricone,1
loveisblindReunion,1
WhenTrumpIsOutOfOffice,1
MalcolmX,1
KingVon,1
CHANGESOUTNOW,1
ThankYouTaker,1
MexicanPizza,1
Levert,1
PETA,1
BoycottHomeDepot,1
WithMyNextPaycheckIWill,1
JuiceWRLD,1
